category,fact_name,arg1,arg2,arg3,start_date,end_date
CORE,has_role,doc_0,doctor,,2025-01-01,2027-01-01
CORE,has_role,doc_1,doctor,,2025-01-01,2027-01-01
CORE,has_role,doc_2,doctor,,2025-01-01,2027-01-01
CORE,has_role,doc_3,doctor,,2025-01-01,2027-01-01
CORE,has_role,doc_4,doctor,,2025-01-01,2027-01-01
CORE,has_role,doc_5,doctor,,2025-01-01,2027-01-01
CORE,has_role,doc_6,doctor,,2025-01-01,2027-01-01
CORE,has_role,doc_7,doctor,,2025-01-01,2027-01-01
CORE,has_role,doc_8,doctor,,2025-01-01,2027-01-01
CORE,has_role,doc_9,doctor,,2025-01-01,2027-01-01
CORE,has_role,doc_10,doctor,,2025-01-01,2027-01-01
CORE,has_role,doc_11,doctor,,2025-01-01,2027-01-01
CORE,has_role,doc_12,doctor,,2025-01-01,2027-01-01
CORE,has_role,doc_13,doctor,,2025-01-01,2027-01-01
CORE,has_role,doc_14,doctor,,2025-01-01,2027-01-01
CORE,has_role,doc_15,doctor,,2025-01-01,2027-01-01
CORE,has_role,doc_16,doctor,,2025-01-01,2027-01-01
CORE,has_role,doc_17,doctor,,2025-01-01,2027-01-01
CORE,has_role,doc_18,doctor,,2025-01-01,2027-01-01
CORE,has_role,doc_19,doctor,,2025-01-01,2027-01-01
CORE,has_role,pat_0,patient,,2025-01-01,2027-01-01
CORE,has_role,pat_1,patient,,2025-01-01,2027-01-01
CORE,has_role,pat_2,patient,,2025-01-01,2027-01-01
CORE,has_role,pat_3,patient,,2025-01-01,2027-01-01
CORE,has_role,pat_4,patient,,2025-01-01,2027-01-01
CORE,has_role,pat_5,patient,,2025-01-01,2027-01-01
CORE,has_role,pat_6,patient,,2025-01-01,2027-01-01
CORE,has_role,pat_7,patient,,2025-01-01,2027-01-01
CORE,has_role,pat_8,patient,,2025-01-01,2027-01-01
CORE,has_role,pat_9,patient,,2025-01-01,2027-01-01
CORE,has_role,pat_10,patient,,2025-01-01,2027-01-01
CORE,has_role,pat_11,patient,,2025-01-01,2027-01-01
CORE,has_role,pat_12,patient,,2025-01-01,2027-01-01
CORE,has_role,pat_13,patient,,2025-01-01,2027-01-01
CORE,has_role,pat_14,patient,,2025-01-01,2027-01-01
CORE,has_role,pat_15,patient,,2025-01-01,2027-01-01
CORE,has_role,pat_16,patient,,2025-01-01,2027-01-01
CORE,has_role,pat_17,patient,,2025-01-01,2027-01-01
CORE,has_role,pat_18,patient,,2025-01-01,2027-01-01
CORE,has_role,pat_19,patient,,2025-01-01,2027-01-01
CORE,has_role,pat_20,patient,,2025-01-01,2027-01-01
CORE,has_role,pat_21,patient,,2025-01-01,2027-01-01
CORE,has_role,pat_22,patient,,2025-01-01,2027-01-01
CORE,has_role,pat_23,patient,,2025-01-01,2027-01-01
CORE,has_role,pat_24,patient,,2025-01-01,2027-01-01
CORE,has_role,pat_25,patient,,2025-01-01,2027-01-01
CORE,has_role,pat_26,patient,,2025-01-01,2027-01-01
CORE,has_role,pat_27,patient,,2025-01-01,2027-01-01
CORE,has_role,pat_28,patient,,2025-01-01,2027-01-01
CORE,has_role,pat_29,patient,,2025-01-01,2027-01-01
CORE,has_role,pat_30,patient,,2025-01-01,2027-01-01
CORE,has_role,pat_31,patient,,2025-01-01,2027-01-01
CORE,has_role,pat_32,patient,,2025-01-01,2027-01-01
CORE,has_role,pat_33,patient,,2025-01-01,2027-01-01
CORE,has_role,pat_34,patient,,2025-01-01,2027-01-01
CORE,has_role,pat_35,patient,,2025-01-01,2027-01-01
CORE,has_role,pat_36,patient,,2025-01-01,2027-01-01
CORE,has_role,pat_37,patient,,2025-01-01,2027-01-01
CORE,has_role,pat_38,patient,,2025-01-01,2027-01-01
CORE,has_role,pat_39,patient,,2025-01-01,2027-01-01
CORE,has_role,pat_40,patient,,2025-01-01,2027-01-01
CORE,has_role,pat_41,patient,,2025-01-01,2027-01-01
CORE,has_role,pat_42,patient,,2025-01-01,2027-01-01
CORE,has_role,pat_43,patient,,2025-01-01,2027-01-01
CORE,has_role,pat_44,patient,,2025-01-01,2027-01-01
CORE,has_role,pat_45,patient,,2025-01-01,2027-01-01
CORE,has_role,pat_46,patient,,2025-01-01,2027-01-01
CORE,has_role,pat_47,patient,,2025-01-01,2027-01-01
CORE,has_role,pat_48,patient,,2025-01-01,2027-01-01
CORE,has_role,pat_49,patient,,2025-01-01,2027-01-01
CORE,has_role,pat_50,patient,,2025-01-01,2027-01-01
CORE,has_role,pat_51,patient,,2025-01-01,2027-01-01
CORE,has_role,pat_52,patient,,2025-01-01,2027-01-01
CORE,has_role,pat_53,patient,,2025-01-01,2027-01-01
CORE,has_role,pat_54,patient,,2025-01-01,2027-01-01
CORE,has_role,pat_55,patient,,2025-01-01,2027-01-01
CORE,has_role,pat_56,patient,,2025-01-01,2027-01-01
CORE,has_role,pat_57,patient,,2025-01-01,2027-01-01
CORE,has_role,pat_58,patient,,2025-01-01,2027-01-01
CORE,has_role,pat_59,patient,,2025-01-01,2027-01-01
CORE,has_role,pat_60,patient,,2025-01-01,2027-01-01
CORE,has_role,pat_61,patient,,2025-01-01,2027-01-01
CORE,has_role,pat_62,patient,,2025-01-01,2027-01-01
CORE,has_role,pat_63,patient,,2025-01-01,2027-01-01
CORE,has_role,pat_64,patient,,2025-01-01,2027-01-01
CORE,has_role,pat_65,patient,,2025-01-01,2027-01-01
CORE,has_role,pat_66,patient,,2025-01-01,2027-01-01
CORE,has_role,pat_67,patient,,2025-01-01,2027-01-01
CORE,has_role,pat_68,patient,,2025-01-01,2027-01-01
CORE,has_role,pat_69,patient,,2025-01-01,2027-01-01
CORE,has_role,pat_70,patient,,2025-01-01,2027-01-01
CORE,has_role,pat_71,patient,,2025-01-01,2027-01-01
CORE,has_role,pat_72,patient,,2025-01-01,2027-01-01
CORE,has_role,pat_73,patient,,2025-01-01,2027-01-01
CORE,has_role,pat_74,patient,,2025-01-01,2027-01-01
CORE,has_role,pat_75,patient,,2025-01-01,2027-01-01
CORE,has_role,pat_76,patient,,2025-01-01,2027-01-01
CORE,has_role,pat_77,patient,,2025-01-01,2027-01-01
CORE,has_role,pat_78,patient,,2025-01-01,2027-01-01
CORE,has_role,pat_79,patient,,2025-01-01,2027-01-01
CORE,has_role,pat_80,patient,,2025-01-01,2027-01-01
CORE,has_role,pat_81,patient,,2025-01-01,2027-01-01
CORE,has_role,pat_82,patient,,2025-01-01,2027-01-01
CORE,has_role,pat_83,patient,,2025-01-01,2027-01-01
CORE,has_role,pat_84,patient,,2025-01-01,2027-01-01
CORE,has_role,pat_85,patient,,2025-01-01,2027-01-01
CORE,has_role,pat_86,patient,,2025-01-01,2027-01-01
CORE,has_role,pat_87,patient,,2025-01-01,2027-01-01
CORE,has_role,pat_88,patient,,2025-01-01,2027-01-01
CORE,has_role,pat_89,patient,,2025-01-01,2027-01-01
CORE,has_role,pat_90,patient,,2025-01-01,2027-01-01
CORE,has_role,pat_91,patient,,2025-01-01,2027-01-01
CORE,has_role,pat_92,patient,,2025-01-01,2027-01-01
CORE,has_role,pat_93,patient,,2025-01-01,2027-01-01
CORE,has_role,pat_94,patient,,2025-01-01,2027-01-01
CORE,has_role,pat_95,patient,,2025-01-01,2027-01-01
CORE,has_role,pat_96,patient,,2025-01-01,2027-01-01
CORE,has_role,pat_97,patient,,2025-01-01,2027-01-01
CORE,has_role,pat_98,patient,,2025-01-01,2027-01-01
CORE,has_role,pat_99,patient,,2025-01-01,2027-01-01
CORE,has_role,pat_100,patient,,2025-01-01,2027-01-01
CORE,has_role,pat_101,patient,,2025-01-01,2027-01-01
CORE,has_role,pat_102,patient,,2025-01-01,2027-01-01
CORE,has_role,pat_103,patient,,2025-01-01,2027-01-01
CORE,has_role,pat_104,patient,,2025-01-01,2027-01-01
CORE,has_role,pat_105,patient,,2025-01-01,2027-01-01
CORE,has_role,pat_106,patient,,2025-01-01,2027-01-01
CORE,has_role,pat_107,patient,,2025-01-01,2027-01-01
CORE,has_role,pat_108,patient,,2025-01-01,2027-01-01
CORE,has_role,pat_109,patient,,2025-01-01,2027-01-01
CORE,has_role,pat_110,patient,,2025-01-01,2027-01-01
CORE,has_role,pat_111,patient,,2025-01-01,2027-01-01
CORE,has_role,pat_112,patient,,2025-01-01,2027-01-01
CORE,has_role,pat_113,patient,,2025-01-01,2027-01-01
CORE,has_role,pat_114,patient,,2025-01-01,2027-01-01
CORE,has_role,pat_115,patient,,2025-01-01,2027-01-01
CORE,has_role,pat_116,patient,,2025-01-01,2027-01-01
CORE,has_role,pat_117,patient,,2025-01-01,2027-01-01
CORE,has_role,pat_118,patient,,2025-01-01,2027-01-01
CORE,has_role,pat_119,patient,,2025-01-01,2027-01-01
CORE,has_role,pat_120,patient,,2025-01-01,2027-01-01
CORE,has_role,pat_121,patient,,2025-01-01,2027-01-01
CORE,has_role,pat_122,patient,,2025-01-01,2027-01-01
CORE,has_role,pat_123,patient,,2025-01-01,2027-01-01
CORE,has_role,pat_124,patient,,2025-01-01,2027-01-01
CORE,has_role,pat_125,patient,,2025-01-01,2027-01-01
CORE,has_role,pat_126,patient,,2025-01-01,2027-01-01
CORE,has_role,pat_127,patient,,2025-01-01,2027-01-01
CORE,has_role,pat_128,patient,,2025-01-01,2027-01-01
CORE,has_role,pat_129,patient,,2025-01-01,2027-01-01
CORE,has_role,pat_130,patient,,2025-01-01,2027-01-01
CORE,has_role,pat_131,patient,,2025-01-01,2027-01-01
CORE,has_role,pat_132,patient,,2025-01-01,2027-01-01
CORE,has_role,pat_133,patient,,2025-01-01,2027-01-01
CORE,has_role,pat_134,patient,,2025-01-01,2027-01-01
CORE,has_role,pat_135,patient,,2025-01-01,2027-01-01
CORE,has_role,pat_136,patient,,2025-01-01,2027-01-01
CORE,has_role,pat_137,patient,,2025-01-01,2027-01-01
CORE,has_role,pat_138,patient,,2025-01-01,2027-01-01
CORE,has_role,pat_139,patient,,2025-01-01,2027-01-01
CORE,has_role,pat_140,patient,,2025-01-01,2027-01-01
CORE,has_role,pat_141,patient,,2025-01-01,2027-01-01
CORE,has_role,pat_142,patient,,2025-01-01,2027-01-01
CORE,has_role,pat_143,patient,,2025-01-01,2027-01-01
CORE,has_role,pat_144,patient,,2025-01-01,2027-01-01
CORE,has_role,pat_145,patient,,2025-01-01,2027-01-01
CORE,has_role,pat_146,patient,,2025-01-01,2027-01-01
CORE,has_role,pat_147,patient,,2025-01-01,2027-01-01
CORE,has_role,pat_148,patient,,2025-01-01,2027-01-01
CORE,has_role,pat_149,patient,,2025-01-01,2027-01-01
CORE,has_role,pat_150,patient,,2025-01-01,2027-01-01
CORE,has_role,pat_151,patient,,2025-01-01,2027-01-01
CORE,has_role,pat_152,patient,,2025-01-01,2027-01-01
CORE,has_role,pat_153,patient,,2025-01-01,2027-01-01
CORE,has_role,pat_154,patient,,2025-01-01,2027-01-01
CORE,has_role,pat_155,patient,,2025-01-01,2027-01-01
CORE,has_role,pat_156,patient,,2025-01-01,2027-01-01
CORE,has_role,pat_157,patient,,2025-01-01,2027-01-01
CORE,has_role,pat_158,patient,,2025-01-01,2027-01-01
CORE,has_role,pat_159,patient,,2025-01-01,2027-01-01
CORE,has_role,pat_160,patient,,2025-01-01,2027-01-01
CORE,has_role,pat_161,patient,,2025-01-01,2027-01-01
CORE,has_role,pat_162,patient,,2025-01-01,2027-01-01
CORE,has_role,pat_163,patient,,2025-01-01,2027-01-01
CORE,has_role,pat_164,patient,,2025-01-01,2027-01-01
CORE,has_role,pat_165,patient,,2025-01-01,2027-01-01
CORE,has_role,pat_166,patient,,2025-01-01,2027-01-01
CORE,has_role,pat_167,patient,,2025-01-01,2027-01-01
CORE,has_role,pat_168,patient,,2025-01-01,2027-01-01
CORE,has_role,pat_169,patient,,2025-01-01,2027-01-01
CORE,has_role,pat_170,patient,,2025-01-01,2027-01-01
CORE,has_role,pat_171,patient,,2025-01-01,2027-01-01
CORE,has_role,pat_172,patient,,2025-01-01,2027-01-01
CORE,has_role,pat_173,patient,,2025-01-01,2027-01-01
CORE,has_role,pat_174,patient,,2025-01-01,2027-01-01
CORE,has_role,pat_175,patient,,2025-01-01,2027-01-01
CORE,has_role,pat_176,patient,,2025-01-01,2027-01-01
CORE,has_role,pat_177,patient,,2025-01-01,2027-01-01
CORE,has_role,pat_178,patient,,2025-01-01,2027-01-01
CORE,has_role,pat_179,patient,,2025-01-01,2027-01-01
CORE,has_role,pat_180,patient,,2025-01-01,2027-01-01
CORE,has_role,pat_181,patient,,2025-01-01,2027-01-01
CORE,has_role,pat_182,patient,,2025-01-01,2027-01-01
CORE,has_role,pat_183,patient,,2025-01-01,2027-01-01
CORE,has_role,pat_184,patient,,2025-01-01,2027-01-01
CORE,has_role,pat_185,patient,,2025-01-01,2027-01-01
CORE,has_role,pat_186,patient,,2025-01-01,2027-01-01
CORE,has_role,pat_187,patient,,2025-01-01,2027-01-01
CORE,has_role,pat_188,patient,,2025-01-01,2027-01-01
CORE,has_role,pat_189,patient,,2025-01-01,2027-01-01
CORE,has_role,pat_190,patient,,2025-01-01,2027-01-01
CORE,has_role,pat_191,patient,,2025-01-01,2027-01-01
CORE,has_role,pat_192,patient,,2025-01-01,2027-01-01
CORE,has_role,pat_193,patient,,2025-01-01,2027-01-01
CORE,has_role,pat_194,patient,,2025-01-01,2027-01-01
CORE,has_role,pat_195,patient,,2025-01-01,2027-01-01
CORE,has_role,pat_196,patient,,2025-01-01,2027-01-01
CORE,has_role,pat_197,patient,,2025-01-01,2027-01-01
CORE,has_role,pat_198,patient,,2025-01-01,2027-01-01
CORE,has_role,pat_199,patient,,2025-01-01,2027-01-01
CORE,has_role,billing_0,billing_clerk,,2025-01-01,2027-01-01
CORE,has_role,billing_1,billing_clerk,,2025-01-01,2027-01-01
CORE,has_role,billing_2,billing_clerk,,2025-01-01,2027-01-01
CORE,has_role,billing_3,billing_clerk,,2025-01-01,2027-01-01
CORE,has_role,billing_4,billing_clerk,,2025-01-01,2027-01-01
CORE,is_doctor_of,doc_10,pat_0,,2025-01-01,2027-01-01
CORE,owns_phi_record,pat_0,phi_rec_0,,2025-01-01,2027-01-01
CORE,is_phi,phi_rec_0,,,2025-01-01,2027-01-01
CORE,is_doctor_of,doc_6,pat_1,,2025-01-01,2027-01-01
CORE,owns_phi_record,pat_1,phi_rec_1,,2025-01-01,2027-01-01
CORE,is_phi,phi_rec_1,,,2025-01-01,2027-01-01
CORE,is_doctor_of,doc_18,pat_2,,2025-01-01,2027-01-01
CORE,owns_phi_record,pat_2,phi_rec_2,,2025-01-01,2027-01-01
CORE,is_phi,phi_rec_2,,,2025-01-01,2027-01-01
CORE,is_doctor_of,doc_0,pat_3,,2025-01-01,2027-01-01
CORE,owns_phi_record,pat_3,phi_rec_3,,2025-01-01,2027-01-01
CORE,is_phi,phi_rec_3,,,2025-01-01,2027-01-01
CORE,is_doctor_of,doc_9,pat_4,,2025-01-01,2027-01-01
CORE,owns_phi_record,pat_4,phi_rec_4,,2025-01-01,2027-01-01
CORE,is_phi,phi_rec_4,,,2025-01-01,2027-01-01
CORE,is_doctor_of,doc_8,pat_5,,2025-01-01,2027-01-01
CORE,owns_phi_record,pat_5,phi_rec_5,,2025-01-01,2027-01-01
CORE,is_phi,phi_rec_5,,,2025-01-01,2027-01-01
CORE,is_doctor_of,doc_15,pat_6,,2025-01-01,2027-01-01
CORE,owns_phi_record,pat_6,phi_rec_6,,2025-01-01,2027-01-01
CORE,is_phi,phi_rec_6,,,2025-01-01,2027-01-01
CORE,is_doctor_of,doc_17,pat_7,,2025-01-01,2027-01-01
CORE,owns_phi_record,pat_7,phi_rec_7,,2025-01-01,2027-01-01
CORE,is_phi,phi_rec_7,,,2025-01-01,2027-01-01
CORE,is_doctor_of,doc_14,pat_8,,2025-01-01,2027-01-01
CORE,owns_phi_record,pat_8,phi_rec_8,,2025-01-01,2027-01-01
CORE,is_phi,phi_rec_8,,,2025-01-01,2027-01-01
CORE,is_doctor_of,doc_8,pat_9,,2025-01-01,2027-01-01
CORE,owns_phi_record,pat_9,phi_rec_9,,2025-01-01,2027-01-01
CORE,is_phi,phi_rec_9,,,2025-01-01,2027-01-01
CORE,is_doctor_of,doc_14,pat_10,,2025-01-01,2027-01-01
CORE,owns_phi_record,pat_10,phi_rec_10,,2025-01-01,2027-01-01
CORE,is_phi,phi_rec_10,,,2025-01-01,2027-01-01
CORE,is_doctor_of,doc_19,pat_11,,2025-01-01,2027-01-01
CORE,owns_phi_record,pat_11,phi_rec_11,,2025-01-01,2027-01-01
CORE,is_phi,phi_rec_11,,,2025-01-01,2027-01-01
CORE,is_doctor_of,doc_16,pat_12,,2025-01-01,2027-01-01
CORE,owns_phi_record,pat_12,phi_rec_12,,2025-01-01,2027-01-01
CORE,is_phi,phi_rec_12,,,2025-01-01,2027-01-01
CORE,is_doctor_of,doc_11,pat_13,,2025-01-01,2027-01-01
CORE,owns_phi_record,pat_13,phi_rec_13,,2025-01-01,2027-01-01
CORE,is_phi,phi_rec_13,,,2025-01-01,2027-01-01
CORE,is_doctor_of,doc_5,pat_14,,2025-01-01,2027-01-01
CORE,owns_phi_record,pat_14,phi_rec_14,,2025-01-01,2027-01-01
CORE,is_phi,phi_rec_14,,,2025-01-01,2027-01-01
CORE,is_doctor_of,doc_9,pat_15,,2025-01-01,2027-01-01
CORE,owns_phi_record,pat_15,phi_rec_15,,2025-01-01,2027-01-01
CORE,is_phi,phi_rec_15,,,2025-01-01,2027-01-01
CORE,is_doctor_of,doc_3,pat_16,,2025-01-01,2027-01-01
CORE,owns_phi_record,pat_16,phi_rec_16,,2025-01-01,2027-01-01
CORE,is_phi,phi_rec_16,,,2025-01-01,2027-01-01
CORE,is_doctor_of,doc_2,pat_17,,2025-01-01,2027-01-01
CORE,owns_phi_record,pat_17,phi_rec_17,,2025-01-01,2027-01-01
CORE,is_phi,phi_rec_17,,,2025-01-01,2027-01-01
CORE,is_doctor_of,doc_8,pat_18,,2025-01-01,2027-01-01
CORE,owns_phi_record,pat_18,phi_rec_18,,2025-01-01,2027-01-01
CORE,is_phi,phi_rec_18,,,2025-01-01,2027-01-01
CORE,is_doctor_of,doc_0,pat_19,,2025-01-01,2027-01-01
CORE,owns_phi_record,pat_19,phi_rec_19,,2025-01-01,2027-01-01
CORE,is_phi,phi_rec_19,,,2025-01-01,2027-01-01
CORE,is_doctor_of,doc_14,pat_20,,2025-01-01,2027-01-01
CORE,owns_phi_record,pat_20,phi_rec_20,,2025-01-01,2027-01-01
CORE,is_phi,phi_rec_20,,,2025-01-01,2027-01-01
CORE,is_doctor_of,doc_3,pat_21,,2025-01-01,2027-01-01
CORE,owns_phi_record,pat_21,phi_rec_21,,2025-01-01,2027-01-01
CORE,is_phi,phi_rec_21,,,2025-01-01,2027-01-01
CORE,is_doctor_of,doc_11,pat_22,,2025-01-01,2027-01-01
CORE,owns_phi_record,pat_22,phi_rec_22,,2025-01-01,2027-01-01
CORE,is_phi,phi_rec_22,,,2025-01-01,2027-01-01
CORE,is_doctor_of,doc_13,pat_23,,2025-01-01,2027-01-01
CORE,owns_phi_record,pat_23,phi_rec_23,,2025-01-01,2027-01-01
CORE,is_phi,phi_rec_23,,,2025-01-01,2027-01-01
CORE,is_doctor_of,doc_17,pat_24,,2025-01-01,2027-01-01
CORE,owns_phi_record,pat_24,phi_rec_24,,2025-01-01,2027-01-01
CORE,is_phi,phi_rec_24,,,2025-01-01,2027-01-01
CORE,is_doctor_of,doc_4,pat_25,,2025-01-01,2027-01-01
CORE,owns_phi_record,pat_25,phi_rec_25,,2025-01-01,2027-01-01
CORE,is_phi,phi_rec_25,,,2025-01-01,2027-01-01
CORE,is_doctor_of,doc_7,pat_26,,2025-01-01,2027-01-01
CORE,owns_phi_record,pat_26,phi_rec_26,,2025-01-01,2027-01-01
CORE,is_phi,phi_rec_26,,,2025-01-01,2027-01-01
CORE,is_doctor_of,doc_11,pat_27,,2025-01-01,2027-01-01
CORE,owns_phi_record,pat_27,phi_rec_27,,2025-01-01,2027-01-01
CORE,is_phi,phi_rec_27,,,2025-01-01,2027-01-01
CORE,is_doctor_of,doc_19,pat_28,,2025-01-01,2027-01-01
CORE,owns_phi_record,pat_28,phi_rec_28,,2025-01-01,2027-01-01
CORE,is_phi,phi_rec_28,,,2025-01-01,2027-01-01
CORE,is_doctor_of,doc_5,pat_29,,2025-01-01,2027-01-01
CORE,owns_phi_record,pat_29,phi_rec_29,,2025-01-01,2027-01-01
CORE,is_phi,phi_rec_29,,,2025-01-01,2027-01-01
CORE,is_doctor_of,doc_0,pat_30,,2025-01-01,2027-01-01
CORE,owns_phi_record,pat_30,phi_rec_30,,2025-01-01,2027-01-01
CORE,is_phi,phi_rec_30,,,2025-01-01,2027-01-01
CORE,is_doctor_of,doc_19,pat_31,,2025-01-01,2027-01-01
CORE,owns_phi_record,pat_31,phi_rec_31,,2025-01-01,2027-01-01
CORE,is_phi,phi_rec_31,,,2025-01-01,2027-01-01
CORE,is_doctor_of,doc_0,pat_32,,2025-01-01,2027-01-01
CORE,owns_phi_record,pat_32,phi_rec_32,,2025-01-01,2027-01-01
CORE,is_phi,phi_rec_32,,,2025-01-01,2027-01-01
CORE,is_doctor_of,doc_7,pat_33,,2025-01-01,2027-01-01
CORE,owns_phi_record,pat_33,phi_rec_33,,2025-01-01,2027-01-01
CORE,is_phi,phi_rec_33,,,2025-01-01,2027-01-01
CORE,is_doctor_of,doc_12,pat_34,,2025-01-01,2027-01-01
CORE,owns_phi_record,pat_34,phi_rec_34,,2025-01-01,2027-01-01
CORE,is_phi,phi_rec_34,,,2025-01-01,2027-01-01
CORE,is_doctor_of,doc_9,pat_35,,2025-01-01,2027-01-01
CORE,owns_phi_record,pat_35,phi_rec_35,,2025-01-01,2027-01-01
CORE,is_phi,phi_rec_35,,,2025-01-01,2027-01-01
CORE,is_doctor_of,doc_2,pat_36,,2025-01-01,2027-01-01
CORE,owns_phi_record,pat_36,phi_rec_36,,2025-01-01,2027-01-01
CORE,is_phi,phi_rec_36,,,2025-01-01,2027-01-01
CORE,is_doctor_of,doc_6,pat_37,,2025-01-01,2027-01-01
CORE,owns_phi_record,pat_37,phi_rec_37,,2025-01-01,2027-01-01
CORE,is_phi,phi_rec_37,,,2025-01-01,2027-01-01
CORE,is_doctor_of,doc_17,pat_38,,2025-01-01,2027-01-01
CORE,owns_phi_record,pat_38,phi_rec_38,,2025-01-01,2027-01-01
CORE,is_phi,phi_rec_38,,,2025-01-01,2027-01-01
CORE,is_doctor_of,doc_11,pat_39,,2025-01-01,2027-01-01
CORE,owns_phi_record,pat_39,phi_rec_39,,2025-01-01,2027-01-01
CORE,is_phi,phi_rec_39,,,2025-01-01,2027-01-01
CORE,is_doctor_of,doc_7,pat_40,,2025-01-01,2027-01-01
CORE,owns_phi_record,pat_40,phi_rec_40,,2025-01-01,2027-01-01
CORE,is_phi,phi_rec_40,,,2025-01-01,2027-01-01
CORE,is_doctor_of,doc_1,pat_41,,2025-01-01,2027-01-01
CORE,owns_phi_record,pat_41,phi_rec_41,,2025-01-01,2027-01-01
CORE,is_phi,phi_rec_41,,,2025-01-01,2027-01-01
CORE,is_doctor_of,doc_14,pat_42,,2025-01-01,2027-01-01
CORE,owns_phi_record,pat_42,phi_rec_42,,2025-01-01,2027-01-01
CORE,is_phi,phi_rec_42,,,2025-01-01,2027-01-01
CORE,is_doctor_of,doc_16,pat_43,,2025-01-01,2027-01-01
CORE,owns_phi_record,pat_43,phi_rec_43,,2025-01-01,2027-01-01
CORE,is_phi,phi_rec_43,,,2025-01-01,2027-01-01
CORE,is_doctor_of,doc_8,pat_44,,2025-01-01,2027-01-01
CORE,owns_phi_record,pat_44,phi_rec_44,,2025-01-01,2027-01-01
CORE,is_phi,phi_rec_44,,,2025-01-01,2027-01-01
CORE,is_doctor_of,doc_4,pat_45,,2025-01-01,2027-01-01
CORE,owns_phi_record,pat_45,phi_rec_45,,2025-01-01,2027-01-01
CORE,is_phi,phi_rec_45,,,2025-01-01,2027-01-01
CORE,is_doctor_of,doc_2,pat_46,,2025-01-01,2027-01-01
CORE,owns_phi_record,pat_46,phi_rec_46,,2025-01-01,2027-01-01
CORE,is_phi,phi_rec_46,,,2025-01-01,2027-01-01
CORE,is_doctor_of,doc_19,pat_47,,2025-01-01,2027-01-01
CORE,owns_phi_record,pat_47,phi_rec_47,,2025-01-01,2027-01-01
CORE,is_phi,phi_rec_47,,,2025-01-01,2027-01-01
CORE,is_doctor_of,doc_17,pat_48,,2025-01-01,2027-01-01
CORE,owns_phi_record,pat_48,phi_rec_48,,2025-01-01,2027-01-01
CORE,is_phi,phi_rec_48,,,2025-01-01,2027-01-01
CORE,is_doctor_of,doc_19,pat_49,,2025-01-01,2027-01-01
CORE,owns_phi_record,pat_49,phi_rec_49,,2025-01-01,2027-01-01
CORE,is_phi,phi_rec_49,,,2025-01-01,2027-01-01
CORE,is_doctor_of,doc_9,pat_50,,2025-01-01,2027-01-01
CORE,owns_phi_record,pat_50,phi_rec_50,,2025-01-01,2027-01-01
CORE,is_phi,phi_rec_50,,,2025-01-01,2027-01-01
CORE,is_doctor_of,doc_19,pat_51,,2025-01-01,2027-01-01
CORE,owns_phi_record,pat_51,phi_rec_51,,2025-01-01,2027-01-01
CORE,is_phi,phi_rec_51,,,2025-01-01,2027-01-01
CORE,is_doctor_of,doc_16,pat_52,,2025-01-01,2027-01-01
CORE,owns_phi_record,pat_52,phi_rec_52,,2025-01-01,2027-01-01
CORE,is_phi,phi_rec_52,,,2025-01-01,2027-01-01
CORE,is_doctor_of,doc_9,pat_53,,2025-01-01,2027-01-01
CORE,owns_phi_record,pat_53,phi_rec_53,,2025-01-01,2027-01-01
CORE,is_phi,phi_rec_53,,,2025-01-01,2027-01-01
CORE,is_doctor_of,doc_10,pat_54,,2025-01-01,2027-01-01
CORE,owns_phi_record,pat_54,phi_rec_54,,2025-01-01,2027-01-01
CORE,is_phi,phi_rec_54,,,2025-01-01,2027-01-01
CORE,is_doctor_of,doc_13,pat_55,,2025-01-01,2027-01-01
CORE,owns_phi_record,pat_55,phi_rec_55,,2025-01-01,2027-01-01
CORE,is_phi,phi_rec_55,,,2025-01-01,2027-01-01
CORE,is_doctor_of,doc_15,pat_56,,2025-01-01,2027-01-01
CORE,owns_phi_record,pat_56,phi_rec_56,,2025-01-01,2027-01-01
CORE,is_phi,phi_rec_56,,,2025-01-01,2027-01-01
CORE,is_doctor_of,doc_11,pat_57,,2025-01-01,2027-01-01
CORE,owns_phi_record,pat_57,phi_rec_57,,2025-01-01,2027-01-01
CORE,is_phi,phi_rec_57,,,2025-01-01,2027-01-01
CORE,is_doctor_of,doc_9,pat_58,,2025-01-01,2027-01-01
CORE,owns_phi_record,pat_58,phi_rec_58,,2025-01-01,2027-01-01
CORE,is_phi,phi_rec_58,,,2025-01-01,2027-01-01
CORE,is_doctor_of,doc_19,pat_59,,2025-01-01,2027-01-01
CORE,owns_phi_record,pat_59,phi_rec_59,,2025-01-01,2027-01-01
CORE,is_phi,phi_rec_59,,,2025-01-01,2027-01-01
CORE,is_doctor_of,doc_6,pat_60,,2025-01-01,2027-01-01
CORE,owns_phi_record,pat_60,phi_rec_60,,2025-01-01,2027-01-01
CORE,is_phi,phi_rec_60,,,2025-01-01,2027-01-01
CORE,is_doctor_of,doc_6,pat_61,,2025-01-01,2027-01-01
CORE,owns_phi_record,pat_61,phi_rec_61,,2025-01-01,2027-01-01
CORE,is_phi,phi_rec_61,,,2025-01-01,2027-01-01
CORE,is_doctor_of,doc_16,pat_62,,2025-01-01,2027-01-01
CORE,owns_phi_record,pat_62,phi_rec_62,,2025-01-01,2027-01-01
CORE,is_phi,phi_rec_62,,,2025-01-01,2027-01-01
CORE,is_doctor_of,doc_3,pat_63,,2025-01-01,2027-01-01
CORE,owns_phi_record,pat_63,phi_rec_63,,2025-01-01,2027-01-01
CORE,is_phi,phi_rec_63,,,2025-01-01,2027-01-01
CORE,is_doctor_of,doc_16,pat_64,,2025-01-01,2027-01-01
CORE,owns_phi_record,pat_64,phi_rec_64,,2025-01-01,2027-01-01
CORE,is_phi,phi_rec_64,,,2025-01-01,2027-01-01
CORE,is_doctor_of,doc_9,pat_65,,2025-01-01,2027-01-01
CORE,owns_phi_record,pat_65,phi_rec_65,,2025-01-01,2027-01-01
CORE,is_phi,phi_rec_65,,,2025-01-01,2027-01-01
CORE,is_doctor_of,doc_12,pat_66,,2025-01-01,2027-01-01
CORE,owns_phi_record,pat_66,phi_rec_66,,2025-01-01,2027-01-01
CORE,is_phi,phi_rec_66,,,2025-01-01,2027-01-01
CORE,is_doctor_of,doc_9,pat_67,,2025-01-01,2027-01-01
CORE,owns_phi_record,pat_67,phi_rec_67,,2025-01-01,2027-01-01
CORE,is_phi,phi_rec_67,,,2025-01-01,2027-01-01
CORE,is_doctor_of,doc_15,pat_68,,2025-01-01,2027-01-01
CORE,owns_phi_record,pat_68,phi_rec_68,,2025-01-01,2027-01-01
CORE,is_phi,phi_rec_68,,,2025-01-01,2027-01-01
CORE,is_doctor_of,doc_2,pat_69,,2025-01-01,2027-01-01
CORE,owns_phi_record,pat_69,phi_rec_69,,2025-01-01,2027-01-01
CORE,is_phi,phi_rec_69,,,2025-01-01,2027-01-01
CORE,is_doctor_of,doc_14,pat_70,,2025-01-01,2027-01-01
CORE,owns_phi_record,pat_70,phi_rec_70,,2025-01-01,2027-01-01
CORE,is_phi,phi_rec_70,,,2025-01-01,2027-01-01
CORE,is_doctor_of,doc_15,pat_71,,2025-01-01,2027-01-01
CORE,owns_phi_record,pat_71,phi_rec_71,,2025-01-01,2027-01-01
CORE,is_phi,phi_rec_71,,,2025-01-01,2027-01-01
CORE,is_doctor_of,doc_7,pat_72,,2025-01-01,2027-01-01
CORE,owns_phi_record,pat_72,phi_rec_72,,2025-01-01,2027-01-01
CORE,is_phi,phi_rec_72,,,2025-01-01,2027-01-01
CORE,is_doctor_of,doc_19,pat_73,,2025-01-01,2027-01-01
CORE,owns_phi_record,pat_73,phi_rec_73,,2025-01-01,2027-01-01
CORE,is_phi,phi_rec_73,,,2025-01-01,2027-01-01
CORE,is_doctor_of,doc_1,pat_74,,2025-01-01,2027-01-01
CORE,owns_phi_record,pat_74,phi_rec_74,,2025-01-01,2027-01-01
CORE,is_phi,phi_rec_74,,,2025-01-01,2027-01-01
CORE,is_doctor_of,doc_16,pat_75,,2025-01-01,2027-01-01
CORE,owns_phi_record,pat_75,phi_rec_75,,2025-01-01,2027-01-01
CORE,is_phi,phi_rec_75,,,2025-01-01,2027-01-01
CORE,is_doctor_of,doc_4,pat_76,,2025-01-01,2027-01-01
CORE,owns_phi_record,pat_76,phi_rec_76,,2025-01-01,2027-01-01
CORE,is_phi,phi_rec_76,,,2025-01-01,2027-01-01
CORE,is_doctor_of,doc_7,pat_77,,2025-01-01,2027-01-01
CORE,owns_phi_record,pat_77,phi_rec_77,,2025-01-01,2027-01-01
CORE,is_phi,phi_rec_77,,,2025-01-01,2027-01-01
CORE,is_doctor_of,doc_14,pat_78,,2025-01-01,2027-01-01
CORE,owns_phi_record,pat_78,phi_rec_78,,2025-01-01,2027-01-01
CORE,is_phi,phi_rec_78,,,2025-01-01,2027-01-01
CORE,is_doctor_of,doc_14,pat_79,,2025-01-01,2027-01-01
CORE,owns_phi_record,pat_79,phi_rec_79,,2025-01-01,2027-01-01
CORE,is_phi,phi_rec_79,,,2025-01-01,2027-01-01
CORE,is_doctor_of,doc_19,pat_80,,2025-01-01,2027-01-01
CORE,owns_phi_record,pat_80,phi_rec_80,,2025-01-01,2027-01-01
CORE,is_phi,phi_rec_80,,,2025-01-01,2027-01-01
CORE,is_doctor_of,doc_19,pat_81,,2025-01-01,2027-01-01
CORE,owns_phi_record,pat_81,phi_rec_81,,2025-01-01,2027-01-01
CORE,is_phi,phi_rec_81,,,2025-01-01,2027-01-01
CORE,is_doctor_of,doc_8,pat_82,,2025-01-01,2027-01-01
CORE,owns_phi_record,pat_82,phi_rec_82,,2025-01-01,2027-01-01
CORE,is_phi,phi_rec_82,,,2025-01-01,2027-01-01
CORE,is_doctor_of,doc_16,pat_83,,2025-01-01,2027-01-01
CORE,owns_phi_record,pat_83,phi_rec_83,,2025-01-01,2027-01-01
CORE,is_phi,phi_rec_83,,,2025-01-01,2027-01-01
CORE,is_doctor_of,doc_6,pat_84,,2025-01-01,2027-01-01
CORE,owns_phi_record,pat_84,phi_rec_84,,2025-01-01,2027-01-01
CORE,is_phi,phi_rec_84,,,2025-01-01,2027-01-01
CORE,is_doctor_of,doc_11,pat_85,,2025-01-01,2027-01-01
CORE,owns_phi_record,pat_85,phi_rec_85,,2025-01-01,2027-01-01
CORE,is_phi,phi_rec_85,,,2025-01-01,2027-01-01
CORE,is_doctor_of,doc_1,pat_86,,2025-01-01,2027-01-01
CORE,owns_phi_record,pat_86,phi_rec_86,,2025-01-01,2027-01-01
CORE,is_phi,phi_rec_86,,,2025-01-01,2027-01-01
CORE,is_doctor_of,doc_17,pat_87,,2025-01-01,2027-01-01
CORE,owns_phi_record,pat_87,phi_rec_87,,2025-01-01,2027-01-01
CORE,is_phi,phi_rec_87,,,2025-01-01,2027-01-01
CORE,is_doctor_of,doc_15,pat_88,,2025-01-01,2027-01-01
CORE,owns_phi_record,pat_88,phi_rec_88,,2025-01-01,2027-01-01
CORE,is_phi,phi_rec_88,,,2025-01-01,2027-01-01
CORE,is_doctor_of,doc_9,pat_89,,2025-01-01,2027-01-01
CORE,owns_phi_record,pat_89,phi_rec_89,,2025-01-01,2027-01-01
CORE,is_phi,phi_rec_89,,,2025-01-01,2027-01-01
CORE,is_doctor_of,doc_13,pat_90,,2025-01-01,2027-01-01
CORE,owns_phi_record,pat_90,phi_rec_90,,2025-01-01,2027-01-01
CORE,is_phi,phi_rec_90,,,2025-01-01,2027-01-01
CORE,is_doctor_of,doc_3,pat_91,,2025-01-01,2027-01-01
CORE,owns_phi_record,pat_91,phi_rec_91,,2025-01-01,2027-01-01
CORE,is_phi,phi_rec_91,,,2025-01-01,2027-01-01
CORE,is_doctor_of,doc_0,pat_92,,2025-01-01,2027-01-01
CORE,owns_phi_record,pat_92,phi_rec_92,,2025-01-01,2027-01-01
CORE,is_phi,phi_rec_92,,,2025-01-01,2027-01-01
CORE,is_doctor_of,doc_1,pat_93,,2025-01-01,2027-01-01
CORE,owns_phi_record,pat_93,phi_rec_93,,2025-01-01,2027-01-01
CORE,is_phi,phi_rec_93,,,2025-01-01,2027-01-01
CORE,is_doctor_of,doc_0,pat_94,,2025-01-01,2027-01-01
CORE,owns_phi_record,pat_94,phi_rec_94,,2025-01-01,2027-01-01
CORE,is_phi,phi_rec_94,,,2025-01-01,2027-01-01
CORE,is_doctor_of,doc_17,pat_95,,2025-01-01,2027-01-01
CORE,owns_phi_record,pat_95,phi_rec_95,,2025-01-01,2027-01-01
CORE,is_phi,phi_rec_95,,,2025-01-01,2027-01-01
CORE,is_doctor_of,doc_1,pat_96,,2025-01-01,2027-01-01
CORE,owns_phi_record,pat_96,phi_rec_96,,2025-01-01,2027-01-01
CORE,is_phi,phi_rec_96,,,2025-01-01,2027-01-01
CORE,is_doctor_of,doc_19,pat_97,,2025-01-01,2027-01-01
CORE,owns_phi_record,pat_97,phi_rec_97,,2025-01-01,2027-01-01
CORE,is_phi,phi_rec_97,,,2025-01-01,2027-01-01
CORE,is_doctor_of,doc_4,pat_98,,2025-01-01,2027-01-01
CORE,owns_phi_record,pat_98,phi_rec_98,,2025-01-01,2027-01-01
CORE,is_phi,phi_rec_98,,,2025-01-01,2027-01-01
CORE,is_doctor_of,doc_2,pat_99,,2025-01-01,2027-01-01
CORE,owns_phi_record,pat_99,phi_rec_99,,2025-01-01,2027-01-01
CORE,is_phi,phi_rec_99,,,2025-01-01,2027-01-01
CORE,is_doctor_of,doc_10,pat_100,,2025-01-01,2027-01-01
CORE,owns_phi_record,pat_100,phi_rec_100,,2025-01-01,2027-01-01
CORE,is_phi,phi_rec_100,,,2025-01-01,2027-01-01
CORE,is_doctor_of,doc_16,pat_101,,2025-01-01,2027-01-01
CORE,owns_phi_record,pat_101,phi_rec_101,,2025-01-01,2027-01-01
CORE,is_phi,phi_rec_101,,,2025-01-01,2027-01-01
CORE,is_doctor_of,doc_11,pat_102,,2025-01-01,2027-01-01
CORE,owns_phi_record,pat_102,phi_rec_102,,2025-01-01,2027-01-01
CORE,is_phi,phi_rec_102,,,2025-01-01,2027-01-01
CORE,is_doctor_of,doc_6,pat_103,,2025-01-01,2027-01-01
CORE,owns_phi_record,pat_103,phi_rec_103,,2025-01-01,2027-01-01
CORE,is_phi,phi_rec_103,,,2025-01-01,2027-01-01
CORE,is_doctor_of,doc_1,pat_104,,2025-01-01,2027-01-01
CORE,owns_phi_record,pat_104,phi_rec_104,,2025-01-01,2027-01-01
CORE,is_phi,phi_rec_104,,,2025-01-01,2027-01-01
CORE,is_doctor_of,doc_7,pat_105,,2025-01-01,2027-01-01
CORE,owns_phi_record,pat_105,phi_rec_105,,2025-01-01,2027-01-01
CORE,is_phi,phi_rec_105,,,2025-01-01,2027-01-01
CORE,is_doctor_of,doc_17,pat_106,,2025-01-01,2027-01-01
CORE,owns_phi_record,pat_106,phi_rec_106,,2025-01-01,2027-01-01
CORE,is_phi,phi_rec_106,,,2025-01-01,2027-01-01
CORE,is_doctor_of,doc_16,pat_107,,2025-01-01,2027-01-01
CORE,owns_phi_record,pat_107,phi_rec_107,,2025-01-01,2027-01-01
CORE,is_phi,phi_rec_107,,,2025-01-01,2027-01-01
CORE,is_doctor_of,doc_0,pat_108,,2025-01-01,2027-01-01
CORE,owns_phi_record,pat_108,phi_rec_108,,2025-01-01,2027-01-01
CORE,is_phi,phi_rec_108,,,2025-01-01,2027-01-01
CORE,is_doctor_of,doc_6,pat_109,,2025-01-01,2027-01-01
CORE,owns_phi_record,pat_109,phi_rec_109,,2025-01-01,2027-01-01
CORE,is_phi,phi_rec_109,,,2025-01-01,2027-01-01
CORE,is_doctor_of,doc_19,pat_110,,2025-01-01,2027-01-01
CORE,owns_phi_record,pat_110,phi_rec_110,,2025-01-01,2027-01-01
CORE,is_phi,phi_rec_110,,,2025-01-01,2027-01-01
CORE,is_doctor_of,doc_9,pat_111,,2025-01-01,2027-01-01
CORE,owns_phi_record,pat_111,phi_rec_111,,2025-01-01,2027-01-01
CORE,is_phi,phi_rec_111,,,2025-01-01,2027-01-01
CORE,is_doctor_of,doc_19,pat_112,,2025-01-01,2027-01-01
CORE,owns_phi_record,pat_112,phi_rec_112,,2025-01-01,2027-01-01
CORE,is_phi,phi_rec_112,,,2025-01-01,2027-01-01
CORE,is_doctor_of,doc_8,pat_113,,2025-01-01,2027-01-01
CORE,owns_phi_record,pat_113,phi_rec_113,,2025-01-01,2027-01-01
CORE,is_phi,phi_rec_113,,,2025-01-01,2027-01-01
CORE,is_doctor_of,doc_15,pat_114,,2025-01-01,2027-01-01
CORE,owns_phi_record,pat_114,phi_rec_114,,2025-01-01,2027-01-01
CORE,is_phi,phi_rec_114,,,2025-01-01,2027-01-01
CORE,is_doctor_of,doc_5,pat_115,,2025-01-01,2027-01-01
CORE,owns_phi_record,pat_115,phi_rec_115,,2025-01-01,2027-01-01
CORE,is_phi,phi_rec_115,,,2025-01-01,2027-01-01
CORE,is_doctor_of,doc_11,pat_116,,2025-01-01,2027-01-01
CORE,owns_phi_record,pat_116,phi_rec_116,,2025-01-01,2027-01-01
CORE,is_phi,phi_rec_116,,,2025-01-01,2027-01-01
CORE,is_doctor_of,doc_0,pat_117,,2025-01-01,2027-01-01
CORE,owns_phi_record,pat_117,phi_rec_117,,2025-01-01,2027-01-01
CORE,is_phi,phi_rec_117,,,2025-01-01,2027-01-01
CORE,is_doctor_of,doc_10,pat_118,,2025-01-01,2027-01-01
CORE,owns_phi_record,pat_118,phi_rec_118,,2025-01-01,2027-01-01
CORE,is_phi,phi_rec_118,,,2025-01-01,2027-01-01
CORE,is_doctor_of,doc_19,pat_119,,2025-01-01,2027-01-01
CORE,owns_phi_record,pat_119,phi_rec_119,,2025-01-01,2027-01-01
CORE,is_phi,phi_rec_119,,,2025-01-01,2027-01-01
CORE,is_doctor_of,doc_1,pat_120,,2025-01-01,2027-01-01
CORE,owns_phi_record,pat_120,phi_rec_120,,2025-01-01,2027-01-01
CORE,is_phi,phi_rec_120,,,2025-01-01,2027-01-01
CORE,is_doctor_of,doc_19,pat_121,,2025-01-01,2027-01-01
CORE,owns_phi_record,pat_121,phi_rec_121,,2025-01-01,2027-01-01
CORE,is_phi,phi_rec_121,,,2025-01-01,2027-01-01
CORE,is_doctor_of,doc_18,pat_122,,2025-01-01,2027-01-01
CORE,owns_phi_record,pat_122,phi_rec_122,,2025-01-01,2027-01-01
CORE,is_phi,phi_rec_122,,,2025-01-01,2027-01-01
CORE,is_doctor_of,doc_9,pat_123,,2025-01-01,2027-01-01
CORE,owns_phi_record,pat_123,phi_rec_123,,2025-01-01,2027-01-01
CORE,is_phi,phi_rec_123,,,2025-01-01,2027-01-01
CORE,is_doctor_of,doc_11,pat_124,,2025-01-01,2027-01-01
CORE,owns_phi_record,pat_124,phi_rec_124,,2025-01-01,2027-01-01
CORE,is_phi,phi_rec_124,,,2025-01-01,2027-01-01
CORE,is_doctor_of,doc_7,pat_125,,2025-01-01,2027-01-01
CORE,owns_phi_record,pat_125,phi_rec_125,,2025-01-01,2027-01-01
CORE,is_phi,phi_rec_125,,,2025-01-01,2027-01-01
CORE,is_doctor_of,doc_14,pat_126,,2025-01-01,2027-01-01
CORE,owns_phi_record,pat_126,phi_rec_126,,2025-01-01,2027-01-01
CORE,is_phi,phi_rec_126,,,2025-01-01,2027-01-01
CORE,is_doctor_of,doc_18,pat_127,,2025-01-01,2027-01-01
CORE,owns_phi_record,pat_127,phi_rec_127,,2025-01-01,2027-01-01
CORE,is_phi,phi_rec_127,,,2025-01-01,2027-01-01
CORE,is_doctor_of,doc_5,pat_128,,2025-01-01,2027-01-01
CORE,owns_phi_record,pat_128,phi_rec_128,,2025-01-01,2027-01-01
CORE,is_phi,phi_rec_128,,,2025-01-01,2027-01-01
CORE,is_doctor_of,doc_2,pat_129,,2025-01-01,2027-01-01
CORE,owns_phi_record,pat_129,phi_rec_129,,2025-01-01,2027-01-01
CORE,is_phi,phi_rec_129,,,2025-01-01,2027-01-01
CORE,is_doctor_of,doc_12,pat_130,,2025-01-01,2027-01-01
CORE,owns_phi_record,pat_130,phi_rec_130,,2025-01-01,2027-01-01
CORE,is_phi,phi_rec_130,,,2025-01-01,2027-01-01
CORE,is_doctor_of,doc_19,pat_131,,2025-01-01,2027-01-01
CORE,owns_phi_record,pat_131,phi_rec_131,,2025-01-01,2027-01-01
CORE,is_phi,phi_rec_131,,,2025-01-01,2027-01-01
CORE,is_doctor_of,doc_12,pat_132,,2025-01-01,2027-01-01
CORE,owns_phi_record,pat_132,phi_rec_132,,2025-01-01,2027-01-01
CORE,is_phi,phi_rec_132,,,2025-01-01,2027-01-01
CORE,is_doctor_of,doc_10,pat_133,,2025-01-01,2027-01-01
CORE,owns_phi_record,pat_133,phi_rec_133,,2025-01-01,2027-01-01
CORE,is_phi,phi_rec_133,,,2025-01-01,2027-01-01
CORE,is_doctor_of,doc_14,pat_134,,2025-01-01,2027-01-01
CORE,owns_phi_record,pat_134,phi_rec_134,,2025-01-01,2027-01-01
CORE,is_phi,phi_rec_134,,,2025-01-01,2027-01-01
CORE,is_doctor_of,doc_8,pat_135,,2025-01-01,2027-01-01
CORE,owns_phi_record,pat_135,phi_rec_135,,2025-01-01,2027-01-01
CORE,is_phi,phi_rec_135,,,2025-01-01,2027-01-01
CORE,is_doctor_of,doc_5,pat_136,,2025-01-01,2027-01-01
CORE,owns_phi_record,pat_136,phi_rec_136,,2025-01-01,2027-01-01
CORE,is_phi,phi_rec_136,,,2025-01-01,2027-01-01
CORE,is_doctor_of,doc_0,pat_137,,2025-01-01,2027-01-01
CORE,owns_phi_record,pat_137,phi_rec_137,,2025-01-01,2027-01-01
CORE,is_phi,phi_rec_137,,,2025-01-01,2027-01-01
CORE,is_doctor_of,doc_11,pat_138,,2025-01-01,2027-01-01
CORE,owns_phi_record,pat_138,phi_rec_138,,2025-01-01,2027-01-01
CORE,is_phi,phi_rec_138,,,2025-01-01,2027-01-01
CORE,is_doctor_of,doc_19,pat_139,,2025-01-01,2027-01-01
CORE,owns_phi_record,pat_139,phi_rec_139,,2025-01-01,2027-01-01
CORE,is_phi,phi_rec_139,,,2025-01-01,2027-01-01
CORE,is_doctor_of,doc_13,pat_140,,2025-01-01,2027-01-01
CORE,owns_phi_record,pat_140,phi_rec_140,,2025-01-01,2027-01-01
CORE,is_phi,phi_rec_140,,,2025-01-01,2027-01-01
CORE,is_doctor_of,doc_3,pat_141,,2025-01-01,2027-01-01
CORE,owns_phi_record,pat_141,phi_rec_141,,2025-01-01,2027-01-01
CORE,is_phi,phi_rec_141,,,2025-01-01,2027-01-01
CORE,is_doctor_of,doc_16,pat_142,,2025-01-01,2027-01-01
CORE,owns_phi_record,pat_142,phi_rec_142,,2025-01-01,2027-01-01
CORE,is_phi,phi_rec_142,,,2025-01-01,2027-01-01
CORE,is_doctor_of,doc_3,pat_143,,2025-01-01,2027-01-01
CORE,owns_phi_record,pat_143,phi_rec_143,,2025-01-01,2027-01-01
CORE,is_phi,phi_rec_143,,,2025-01-01,2027-01-01
CORE,is_doctor_of,doc_11,pat_144,,2025-01-01,2027-01-01
CORE,owns_phi_record,pat_144,phi_rec_144,,2025-01-01,2027-01-01
CORE,is_phi,phi_rec_144,,,2025-01-01,2027-01-01
CORE,is_doctor_of,doc_2,pat_145,,2025-01-01,2027-01-01
CORE,owns_phi_record,pat_145,phi_rec_145,,2025-01-01,2027-01-01
CORE,is_phi,phi_rec_145,,,2025-01-01,2027-01-01
CORE,is_doctor_of,doc_11,pat_146,,2025-01-01,2027-01-01
CORE,owns_phi_record,pat_146,phi_rec_146,,2025-01-01,2027-01-01
CORE,is_phi,phi_rec_146,,,2025-01-01,2027-01-01
CORE,is_doctor_of,doc_5,pat_147,,2025-01-01,2027-01-01
CORE,owns_phi_record,pat_147,phi_rec_147,,2025-01-01,2027-01-01
CORE,is_phi,phi_rec_147,,,2025-01-01,2027-01-01
CORE,is_doctor_of,doc_10,pat_148,,2025-01-01,2027-01-01
CORE,owns_phi_record,pat_148,phi_rec_148,,2025-01-01,2027-01-01
CORE,is_phi,phi_rec_148,,,2025-01-01,2027-01-01
CORE,is_doctor_of,doc_16,pat_149,,2025-01-01,2027-01-01
CORE,owns_phi_record,pat_149,phi_rec_149,,2025-01-01,2027-01-01
CORE,is_phi,phi_rec_149,,,2025-01-01,2027-01-01
CORE,is_doctor_of,doc_0,pat_150,,2025-01-01,2027-01-01
CORE,owns_phi_record,pat_150,phi_rec_150,,2025-01-01,2027-01-01
CORE,is_phi,phi_rec_150,,,2025-01-01,2027-01-01
CORE,is_doctor_of,doc_1,pat_151,,2025-01-01,2027-01-01
CORE,owns_phi_record,pat_151,phi_rec_151,,2025-01-01,2027-01-01
CORE,is_phi,phi_rec_151,,,2025-01-01,2027-01-01
CORE,is_doctor_of,doc_8,pat_152,,2025-01-01,2027-01-01
CORE,owns_phi_record,pat_152,phi_rec_152,,2025-01-01,2027-01-01
CORE,is_phi,phi_rec_152,,,2025-01-01,2027-01-01
CORE,is_doctor_of,doc_10,pat_153,,2025-01-01,2027-01-01
CORE,owns_phi_record,pat_153,phi_rec_153,,2025-01-01,2027-01-01
CORE,is_phi,phi_rec_153,,,2025-01-01,2027-01-01
CORE,is_doctor_of,doc_4,pat_154,,2025-01-01,2027-01-01
CORE,owns_phi_record,pat_154,phi_rec_154,,2025-01-01,2027-01-01
CORE,is_phi,phi_rec_154,,,2025-01-01,2027-01-01
CORE,is_doctor_of,doc_3,pat_155,,2025-01-01,2027-01-01
CORE,owns_phi_record,pat_155,phi_rec_155,,2025-01-01,2027-01-01
CORE,is_phi,phi_rec_155,,,2025-01-01,2027-01-01
CORE,is_doctor_of,doc_8,pat_156,,2025-01-01,2027-01-01
CORE,owns_phi_record,pat_156,phi_rec_156,,2025-01-01,2027-01-01
CORE,is_phi,phi_rec_156,,,2025-01-01,2027-01-01
CORE,is_doctor_of,doc_6,pat_157,,2025-01-01,2027-01-01
CORE,owns_phi_record,pat_157,phi_rec_157,,2025-01-01,2027-01-01
CORE,is_phi,phi_rec_157,,,2025-01-01,2027-01-01
CORE,is_doctor_of,doc_0,pat_158,,2025-01-01,2027-01-01
CORE,owns_phi_record,pat_158,phi_rec_158,,2025-01-01,2027-01-01
CORE,is_phi,phi_rec_158,,,2025-01-01,2027-01-01
CORE,is_doctor_of,doc_1,pat_159,,2025-01-01,2027-01-01
CORE,owns_phi_record,pat_159,phi_rec_159,,2025-01-01,2027-01-01
CORE,is_phi,phi_rec_159,,,2025-01-01,2027-01-01
CORE,is_doctor_of,doc_15,pat_160,,2025-01-01,2027-01-01
CORE,owns_phi_record,pat_160,phi_rec_160,,2025-01-01,2027-01-01
CORE,is_phi,phi_rec_160,,,2025-01-01,2027-01-01
CORE,is_doctor_of,doc_4,pat_161,,2025-01-01,2027-01-01
CORE,owns_phi_record,pat_161,phi_rec_161,,2025-01-01,2027-01-01
CORE,is_phi,phi_rec_161,,,2025-01-01,2027-01-01
CORE,is_doctor_of,doc_4,pat_162,,2025-01-01,2027-01-01
CORE,owns_phi_record,pat_162,phi_rec_162,,2025-01-01,2027-01-01
CORE,is_phi,phi_rec_162,,,2025-01-01,2027-01-01
CORE,is_doctor_of,doc_2,pat_163,,2025-01-01,2027-01-01
CORE,owns_phi_record,pat_163,phi_rec_163,,2025-01-01,2027-01-01
CORE,is_phi,phi_rec_163,,,2025-01-01,2027-01-01
CORE,is_doctor_of,doc_15,pat_164,,2025-01-01,2027-01-01
CORE,owns_phi_record,pat_164,phi_rec_164,,2025-01-01,2027-01-01
CORE,is_phi,phi_rec_164,,,2025-01-01,2027-01-01
CORE,is_doctor_of,doc_11,pat_165,,2025-01-01,2027-01-01
CORE,owns_phi_record,pat_165,phi_rec_165,,2025-01-01,2027-01-01
CORE,is_phi,phi_rec_165,,,2025-01-01,2027-01-01
CORE,is_doctor_of,doc_6,pat_166,,2025-01-01,2027-01-01
CORE,owns_phi_record,pat_166,phi_rec_166,,2025-01-01,2027-01-01
CORE,is_phi,phi_rec_166,,,2025-01-01,2027-01-01
CORE,is_doctor_of,doc_16,pat_167,,2025-01-01,2027-01-01
CORE,owns_phi_record,pat_167,phi_rec_167,,2025-01-01,2027-01-01
CORE,is_phi,phi_rec_167,,,2025-01-01,2027-01-01
CORE,is_doctor_of,doc_5,pat_168,,2025-01-01,2027-01-01
CORE,owns_phi_record,pat_168,phi_rec_168,,2025-01-01,2027-01-01
CORE,is_phi,phi_rec_168,,,2025-01-01,2027-01-01
CORE,is_doctor_of,doc_17,pat_169,,2025-01-01,2027-01-01
CORE,owns_phi_record,pat_169,phi_rec_169,,2025-01-01,2027-01-01
CORE,is_phi,phi_rec_169,,,2025-01-01,2027-01-01
CORE,is_doctor_of,doc_2,pat_170,,2025-01-01,2027-01-01
CORE,owns_phi_record,pat_170,phi_rec_170,,2025-01-01,2027-01-01
CORE,is_phi,phi_rec_170,,,2025-01-01,2027-01-01
CORE,is_doctor_of,doc_19,pat_171,,2025-01-01,2027-01-01
CORE,owns_phi_record,pat_171,phi_rec_171,,2025-01-01,2027-01-01
CORE,is_phi,phi_rec_171,,,2025-01-01,2027-01-01
CORE,is_doctor_of,doc_8,pat_172,,2025-01-01,2027-01-01
CORE,owns_phi_record,pat_172,phi_rec_172,,2025-01-01,2027-01-01
CORE,is_phi,phi_rec_172,,,2025-01-01,2027-01-01
CORE,is_doctor_of,doc_5,pat_173,,2025-01-01,2027-01-01
CORE,owns_phi_record,pat_173,phi_rec_173,,2025-01-01,2027-01-01
CORE,is_phi,phi_rec_173,,,2025-01-01,2027-01-01
CORE,is_doctor_of,doc_3,pat_174,,2025-01-01,2027-01-01
CORE,owns_phi_record,pat_174,phi_rec_174,,2025-01-01,2027-01-01
CORE,is_phi,phi_rec_174,,,2025-01-01,2027-01-01
CORE,is_doctor_of,doc_8,pat_175,,2025-01-01,2027-01-01
CORE,owns_phi_record,pat_175,phi_rec_175,,2025-01-01,2027-01-01
CORE,is_phi,phi_rec_175,,,2025-01-01,2027-01-01
CORE,is_doctor_of,doc_13,pat_176,,2025-01-01,2027-01-01
CORE,owns_phi_record,pat_176,phi_rec_176,,2025-01-01,2027-01-01
CORE,is_phi,phi_rec_176,,,2025-01-01,2027-01-01
CORE,is_doctor_of,doc_3,pat_177,,2025-01-01,2027-01-01
CORE,owns_phi_record,pat_177,phi_rec_177,,2025-01-01,2027-01-01
CORE,is_phi,phi_rec_177,,,2025-01-01,2027-01-01
CORE,is_doctor_of,doc_19,pat_178,,2025-01-01,2027-01-01
CORE,owns_phi_record,pat_178,phi_rec_178,,2025-01-01,2027-01-01
CORE,is_phi,phi_rec_178,,,2025-01-01,2027-01-01
CORE,is_doctor_of,doc_17,pat_179,,2025-01-01,2027-01-01
CORE,owns_phi_record,pat_179,phi_rec_179,,2025-01-01,2027-01-01
CORE,is_phi,phi_rec_179,,,2025-01-01,2027-01-01
CORE,is_doctor_of,doc_12,pat_180,,2025-01-01,2027-01-01
CORE,owns_phi_record,pat_180,phi_rec_180,,2025-01-01,2027-01-01
CORE,is_phi,phi_rec_180,,,2025-01-01,2027-01-01
CORE,is_doctor_of,doc_4,pat_181,,2025-01-01,2027-01-01
CORE,owns_phi_record,pat_181,phi_rec_181,,2025-01-01,2027-01-01
CORE,is_phi,phi_rec_181,,,2025-01-01,2027-01-01
CORE,is_doctor_of,doc_1,pat_182,,2025-01-01,2027-01-01
CORE,owns_phi_record,pat_182,phi_rec_182,,2025-01-01,2027-01-01
CORE,is_phi,phi_rec_182,,,2025-01-01,2027-01-01
CORE,is_doctor_of,doc_14,pat_183,,2025-01-01,2027-01-01
CORE,owns_phi_record,pat_183,phi_rec_183,,2025-01-01,2027-01-01
CORE,is_phi,phi_rec_183,,,2025-01-01,2027-01-01
CORE,is_doctor_of,doc_11,pat_184,,2025-01-01,2027-01-01
CORE,owns_phi_record,pat_184,phi_rec_184,,2025-01-01,2027-01-01
CORE,is_phi,phi_rec_184,,,2025-01-01,2027-01-01
CORE,is_doctor_of,doc_2,pat_185,,2025-01-01,2027-01-01
CORE,owns_phi_record,pat_185,phi_rec_185,,2025-01-01,2027-01-01
CORE,is_phi,phi_rec_185,,,2025-01-01,2027-01-01
CORE,is_doctor_of,doc_17,pat_186,,2025-01-01,2027-01-01
CORE,owns_phi_record,pat_186,phi_rec_186,,2025-01-01,2027-01-01
CORE,is_phi,phi_rec_186,,,2025-01-01,2027-01-01
CORE,is_doctor_of,doc_5,pat_187,,2025-01-01,2027-01-01
CORE,owns_phi_record,pat_187,phi_rec_187,,2025-01-01,2027-01-01
CORE,is_phi,phi_rec_187,,,2025-01-01,2027-01-01
CORE,is_doctor_of,doc_17,pat_188,,2025-01-01,2027-01-01
CORE,owns_phi_record,pat_188,phi_rec_188,,2025-01-01,2027-01-01
CORE,is_phi,phi_rec_188,,,2025-01-01,2027-01-01
CORE,is_doctor_of,doc_14,pat_189,,2025-01-01,2027-01-01
CORE,owns_phi_record,pat_189,phi_rec_189,,2025-01-01,2027-01-01
CORE,is_phi,phi_rec_189,,,2025-01-01,2027-01-01
CORE,is_doctor_of,doc_6,pat_190,,2025-01-01,2027-01-01
CORE,owns_phi_record,pat_190,phi_rec_190,,2025-01-01,2027-01-01
CORE,is_phi,phi_rec_190,,,2025-01-01,2027-01-01
CORE,is_doctor_of,doc_10,pat_191,,2025-01-01,2027-01-01
CORE,owns_phi_record,pat_191,phi_rec_191,,2025-01-01,2027-01-01
CORE,is_phi,phi_rec_191,,,2025-01-01,2027-01-01
CORE,is_doctor_of,doc_19,pat_192,,2025-01-01,2027-01-01
CORE,owns_phi_record,pat_192,phi_rec_192,,2025-01-01,2027-01-01
CORE,is_phi,phi_rec_192,,,2025-01-01,2027-01-01
CORE,is_doctor_of,doc_13,pat_193,,2025-01-01,2027-01-01
CORE,owns_phi_record,pat_193,phi_rec_193,,2025-01-01,2027-01-01
CORE,is_phi,phi_rec_193,,,2025-01-01,2027-01-01
CORE,is_doctor_of,doc_5,pat_194,,2025-01-01,2027-01-01
CORE,owns_phi_record,pat_194,phi_rec_194,,2025-01-01,2027-01-01
CORE,is_phi,phi_rec_194,,,2025-01-01,2027-01-01
CORE,is_doctor_of,doc_18,pat_195,,2025-01-01,2027-01-01
CORE,owns_phi_record,pat_195,phi_rec_195,,2025-01-01,2027-01-01
CORE,is_phi,phi_rec_195,,,2025-01-01,2027-01-01
CORE,is_doctor_of,doc_15,pat_196,,2025-01-01,2027-01-01
CORE,owns_phi_record,pat_196,phi_rec_196,,2025-01-01,2027-01-01
CORE,is_phi,phi_rec_196,,,2025-01-01,2027-01-01
CORE,is_doctor_of,doc_8,pat_197,,2025-01-01,2027-01-01
CORE,owns_phi_record,pat_197,phi_rec_197,,2025-01-01,2027-01-01
CORE,is_phi,phi_rec_197,,,2025-01-01,2027-01-01
CORE,is_doctor_of,doc_15,pat_198,,2025-01-01,2027-01-01
CORE,owns_phi_record,pat_198,phi_rec_198,,2025-01-01,2027-01-01
CORE,is_phi,phi_rec_198,,,2025-01-01,2027-01-01
CORE,is_doctor_of,doc_15,pat_199,,2025-01-01,2027-01-01
CORE,owns_phi_record,pat_199,phi_rec_199,,2025-01-01,2027-01-01
CORE,is_phi,phi_rec_199,,,2025-01-01,2027-01-01
CORE,resource_type,phi_rec_0,billing_info,,2025-01-01,2027-01-01
CORE,resource_type,phi_rec_1,lab_result,,2025-01-01,2027-01-01
CORE,resource_type,phi_rec_2,billing_info,,2025-01-01,2027-01-01
CORE,resource_type,phi_rec_3,lab_result,,2025-01-01,2027-01-01
CORE,resource_type,phi_rec_4,clinical_note,,2025-01-01,2027-01-01
CORE,resource_type,phi_rec_5,billing_info,,2025-01-01,2027-01-01
CORE,resource_type,phi_rec_6,clinical_note,,2025-01-01,2027-01-01
CORE,resource_type,phi_rec_7,clinical_note,,2025-01-01,2027-01-01
CORE,resource_type,phi_rec_8,clinical_note,,2025-01-01,2027-01-01
CORE,resource_type,phi_rec_9,billing_info,,2025-01-01,2027-01-01
CORE,resource_type,phi_rec_10,lab_result,,2025-01-01,2027-01-01
CORE,resource_type,phi_rec_11,billing_info,,2025-01-01,2027-01-01
CORE,resource_type,phi_rec_12,clinical_note,,2025-01-01,2027-01-01
CORE,resource_type,phi_rec_13,lab_result,,2025-01-01,2027-01-01
CORE,resource_type,phi_rec_14,lab_result,,2025-01-01,2027-01-01
CORE,resource_type,phi_rec_15,clinical_note,,2025-01-01,2027-01-01
CORE,resource_type,phi_rec_16,lab_result,,2025-01-01,2027-01-01
CORE,resource_type,phi_rec_17,clinical_note,,2025-01-01,2027-01-01
CORE,resource_type,phi_rec_18,lab_result,,2025-01-01,2027-01-01
CORE,resource_type,phi_rec_19,lab_result,,2025-01-01,2027-01-01
CORE,resource_type,phi_rec_20,billing_info,,2025-01-01,2027-01-01
CORE,resource_type,phi_rec_21,clinical_note,,2025-01-01,2027-01-01
CORE,resource_type,phi_rec_22,billing_info,,2025-01-01,2027-01-01
CORE,resource_type,phi_rec_23,billing_info,,2025-01-01,2027-01-01
CORE,resource_type,phi_rec_24,lab_result,,2025-01-01,2027-01-01
CORE,resource_type,phi_rec_25,lab_result,,2025-01-01,2027-01-01
CORE,resource_type,phi_rec_26,lab_result,,2025-01-01,2027-01-01
CORE,resource_type,phi_rec_27,billing_info,,2025-01-01,2027-01-01
CORE,resource_type,phi_rec_28,billing_info,,2025-01-01,2027-01-01
CORE,resource_type,phi_rec_29,lab_result,,2025-01-01,2027-01-01
CORE,resource_type,phi_rec_30,clinical_note,,2025-01-01,2027-01-01
CORE,resource_type,phi_rec_31,billing_info,,2025-01-01,2027-01-01
CORE,resource_type,phi_rec_32,billing_info,,2025-01-01,2027-01-01
CORE,resource_type,phi_rec_33,lab_result,,2025-01-01,2027-01-01
CORE,resource_type,phi_rec_34,billing_info,,2025-01-01,2027-01-01
CORE,resource_type,phi_rec_35,billing_info,,2025-01-01,2027-01-01
CORE,resource_type,phi_rec_36,clinical_note,,2025-01-01,2027-01-01
CORE,resource_type,phi_rec_37,clinical_note,,2025-01-01,2027-01-01
CORE,resource_type,phi_rec_38,billing_info,,2025-01-01,2027-01-01
CORE,resource_type,phi_rec_39,billing_info,,2025-01-01,2027-01-01
CORE,resource_type,phi_rec_40,clinical_note,,2025-01-01,2027-01-01
CORE,resource_type,phi_rec_41,lab_result,,2025-01-01,2027-01-01
CORE,resource_type,phi_rec_42,billing_info,,2025-01-01,2027-01-01
CORE,resource_type,phi_rec_43,lab_result,,2025-01-01,2027-01-01
CORE,resource_type,phi_rec_44,clinical_note,,2025-01-01,2027-01-01
CORE,resource_type,phi_rec_45,lab_result,,2025-01-01,2027-01-01
CORE,resource_type,phi_rec_46,billing_info,,2025-01-01,2027-01-01
CORE,resource_type,phi_rec_47,lab_result,,2025-01-01,2027-01-01
CORE,resource_type,phi_rec_48,lab_result,,2025-01-01,2027-01-01
CORE,resource_type,phi_rec_49,billing_info,,2025-01-01,2027-01-01
CORE,resource_type,phi_rec_50,lab_result,,2025-01-01,2027-01-01
CORE,resource_type,phi_rec_51,lab_result,,2025-01-01,2027-01-01
CORE,resource_type,phi_rec_52,clinical_note,,2025-01-01,2027-01-01
CORE,resource_type,phi_rec_53,lab_result,,2025-01-01,2027-01-01
CORE,resource_type,phi_rec_54,clinical_note,,2025-01-01,2027-01-01
CORE,resource_type,phi_rec_55,clinical_note,,2025-01-01,2027-01-01
CORE,resource_type,phi_rec_56,clinical_note,,2025-01-01,2027-01-01
CORE,resource_type,phi_rec_57,lab_result,,2025-01-01,2027-01-01
CORE,resource_type,phi_rec_58,billing_info,,2025-01-01,2027-01-01
CORE,resource_type,phi_rec_59,billing_info,,2025-01-01,2027-01-01
CORE,resource_type,phi_rec_60,lab_result,,2025-01-01,2027-01-01
CORE,resource_type,phi_rec_61,billing_info,,2025-01-01,2027-01-01
CORE,resource_type,phi_rec_62,lab_result,,2025-01-01,2027-01-01
CORE,resource_type,phi_rec_63,billing_info,,2025-01-01,2027-01-01
CORE,resource_type,phi_rec_64,clinical_note,,2025-01-01,2027-01-01
CORE,resource_type,phi_rec_65,billing_info,,2025-01-01,2027-01-01
CORE,resource_type,phi_rec_66,billing_info,,2025-01-01,2027-01-01
CORE,resource_type,phi_rec_67,billing_info,,2025-01-01,2027-01-01
CORE,resource_type,phi_rec_68,billing_info,,2025-01-01,2027-01-01
CORE,resource_type,phi_rec_69,lab_result,,2025-01-01,2027-01-01
CORE,resource_type,phi_rec_70,billing_info,,2025-01-01,2027-01-01
CORE,resource_type,phi_rec_71,clinical_note,,2025-01-01,2027-01-01
CORE,resource_type,phi_rec_72,clinical_note,,2025-01-01,2027-01-01
CORE,resource_type,phi_rec_73,lab_result,,2025-01-01,2027-01-01
CORE,resource_type,phi_rec_74,billing_info,,2025-01-01,2027-01-01
CORE,resource_type,phi_rec_75,billing_info,,2025-01-01,2027-01-01
CORE,resource_type,phi_rec_76,billing_info,,2025-01-01,2027-01-01
CORE,resource_type,phi_rec_77,lab_result,,2025-01-01,2027-01-01
CORE,resource_type,phi_rec_78,clinical_note,,2025-01-01,2027-01-01
CORE,resource_type,phi_rec_79,clinical_note,,2025-01-01,2027-01-01
CORE,resource_type,phi_rec_80,billing_info,,2025-01-01,2027-01-01
CORE,resource_type,phi_rec_81,clinical_note,,2025-01-01,2027-01-01
CORE,resource_type,phi_rec_82,lab_result,,2025-01-01,2027-01-01
CORE,resource_type,phi_rec_83,billing_info,,2025-01-01,2027-01-01
CORE,resource_type,phi_rec_84,lab_result,,2025-01-01,2027-01-01
CORE,resource_type,phi_rec_85,billing_info,,2025-01-01,2027-01-01
CORE,resource_type,phi_rec_86,lab_result,,2025-01-01,2027-01-01
CORE,resource_type,phi_rec_87,clinical_note,,2025-01-01,2027-01-01
CORE,resource_type,phi_rec_88,billing_info,,2025-01-01,2027-01-01
CORE,resource_type,phi_rec_89,lab_result,,2025-01-01,2027-01-01
CORE,resource_type,phi_rec_90,lab_result,,2025-01-01,2027-01-01
CORE,resource_type,phi_rec_91,billing_info,,2025-01-01,2027-01-01
CORE,resource_type,phi_rec_92,lab_result,,2025-01-01,2027-01-01
CORE,resource_type,phi_rec_93,clinical_note,,2025-01-01,2027-01-01
CORE,resource_type,phi_rec_94,billing_info,,2025-01-01,2027-01-01
CORE,resource_type,phi_rec_95,billing_info,,2025-01-01,2027-01-01
CORE,resource_type,phi_rec_96,clinical_note,,2025-01-01,2027-01-01
CORE,resource_type,phi_rec_97,clinical_note,,2025-01-01,2027-01-01
CORE,resource_type,phi_rec_98,lab_result,,2025-01-01,2027-01-01
CORE,resource_type,phi_rec_99,lab_result,,2025-01-01,2027-01-01
CORE,resource_type,phi_rec_100,billing_info,,2025-01-01,2027-01-01
CORE,resource_type,phi_rec_101,clinical_note,,2025-01-01,2027-01-01
CORE,resource_type,phi_rec_102,clinical_note,,2025-01-01,2027-01-01
CORE,resource_type,phi_rec_103,billing_info,,2025-01-01,2027-01-01
CORE,resource_type,phi_rec_104,billing_info,,2025-01-01,2027-01-01
CORE,resource_type,phi_rec_105,billing_info,,2025-01-01,2027-01-01
CORE,resource_type,phi_rec_106,clinical_note,,2025-01-01,2027-01-01
CORE,resource_type,phi_rec_107,billing_info,,2025-01-01,2027-01-01
CORE,resource_type,phi_rec_108,clinical_note,,2025-01-01,2027-01-01
CORE,resource_type,phi_rec_109,billing_info,,2025-01-01,2027-01-01
CORE,resource_type,phi_rec_110,billing_info,,2025-01-01,2027-01-01
CORE,resource_type,phi_rec_111,billing_info,,2025-01-01,2027-01-01
CORE,resource_type,phi_rec_112,clinical_note,,2025-01-01,2027-01-01
CORE,resource_type,phi_rec_113,billing_info,,2025-01-01,2027-01-01
CORE,resource_type,phi_rec_114,lab_result,,2025-01-01,2027-01-01
CORE,resource_type,phi_rec_115,lab_result,,2025-01-01,2027-01-01
CORE,resource_type,phi_rec_116,billing_info,,2025-01-01,2027-01-01
CORE,resource_type,phi_rec_117,lab_result,,2025-01-01,2027-01-01
CORE,resource_type,phi_rec_118,clinical_note,,2025-01-01,2027-01-01
CORE,resource_type,phi_rec_119,clinical_note,,2025-01-01,2027-01-01
CORE,resource_type,phi_rec_120,lab_result,,2025-01-01,2027-01-01
CORE,resource_type,phi_rec_121,clinical_note,,2025-01-01,2027-01-01
CORE,resource_type,phi_rec_122,clinical_note,,2025-01-01,2027-01-01
CORE,resource_type,phi_rec_123,billing_info,,2025-01-01,2027-01-01
CORE,resource_type,phi_rec_124,billing_info,,2025-01-01,2027-01-01
CORE,resource_type,phi_rec_125,billing_info,,2025-01-01,2027-01-01
CORE,resource_type,phi_rec_126,clinical_note,,2025-01-01,2027-01-01
CORE,resource_type,phi_rec_127,lab_result,,2025-01-01,2027-01-01
CORE,resource_type,phi_rec_128,lab_result,,2025-01-01,2027-01-01
CORE,resource_type,phi_rec_129,billing_info,,2025-01-01,2027-01-01
CORE,resource_type,phi_rec_130,lab_result,,2025-01-01,2027-01-01
CORE,resource_type,phi_rec_131,lab_result,,2025-01-01,2027-01-01
CORE,resource_type,phi_rec_132,lab_result,,2025-01-01,2027-01-01
CORE,resource_type,phi_rec_133,lab_result,,2025-01-01,2027-01-01
CORE,resource_type,phi_rec_134,billing_info,,2025-01-01,2027-01-01
CORE,resource_type,phi_rec_135,lab_result,,2025-01-01,2027-01-01
CORE,resource_type,phi_rec_136,lab_result,,2025-01-01,2027-01-01
CORE,resource_type,phi_rec_137,lab_result,,2025-01-01,2027-01-01
CORE,resource_type,phi_rec_138,billing_info,,2025-01-01,2027-01-01
CORE,resource_type,phi_rec_139,lab_result,,2025-01-01,2027-01-01
CORE,resource_type,phi_rec_140,lab_result,,2025-01-01,2027-01-01
CORE,resource_type,phi_rec_141,clinical_note,,2025-01-01,2027-01-01
CORE,resource_type,phi_rec_142,clinical_note,,2025-01-01,2027-01-01
CORE,resource_type,phi_rec_143,billing_info,,2025-01-01,2027-01-01
CORE,resource_type,phi_rec_144,billing_info,,2025-01-01,2027-01-01
CORE,resource_type,phi_rec_145,clinical_note,,2025-01-01,2027-01-01
CORE,resource_type,phi_rec_146,lab_result,,2025-01-01,2027-01-01
CORE,resource_type,phi_rec_147,clinical_note,,2025-01-01,2027-01-01
CORE,resource_type,phi_rec_148,lab_result,,2025-01-01,2027-01-01
CORE,resource_type,phi_rec_149,billing_info,,2025-01-01,2027-01-01
CORE,resource_type,phi_rec_150,billing_info,,2025-01-01,2027-01-01
CORE,resource_type,phi_rec_151,billing_info,,2025-01-01,2027-01-01
CORE,resource_type,phi_rec_152,clinical_note,,2025-01-01,2027-01-01
CORE,resource_type,phi_rec_153,lab_result,,2025-01-01,2027-01-01
CORE,resource_type,phi_rec_154,lab_result,,2025-01-01,2027-01-01
CORE,resource_type,phi_rec_155,billing_info,,2025-01-01,2027-01-01
CORE,resource_type,phi_rec_156,billing_info,,2025-01-01,2027-01-01
CORE,resource_type,phi_rec_157,billing_info,,2025-01-01,2027-01-01
CORE,resource_type,phi_rec_158,lab_result,,2025-01-01,2027-01-01
CORE,resource_type,phi_rec_159,lab_result,,2025-01-01,2027-01-01
CORE,resource_type,phi_rec_160,billing_info,,2025-01-01,2027-01-01
CORE,resource_type,phi_rec_161,clinical_note,,2025-01-01,2027-01-01
CORE,resource_type,phi_rec_162,billing_info,,2025-01-01,2027-01-01
CORE,resource_type,phi_rec_163,lab_result,,2025-01-01,2027-01-01
CORE,resource_type,phi_rec_164,billing_info,,2025-01-01,2027-01-01
CORE,resource_type,phi_rec_165,clinical_note,,2025-01-01,2027-01-01
CORE,resource_type,phi_rec_166,clinical_note,,2025-01-01,2027-01-01
CORE,resource_type,phi_rec_167,lab_result,,2025-01-01,2027-01-01
CORE,resource_type,phi_rec_168,clinical_note,,2025-01-01,2027-01-01
CORE,resource_type,phi_rec_169,lab_result,,2025-01-01,2027-01-01
CORE,resource_type,phi_rec_170,clinical_note,,2025-01-01,2027-01-01
CORE,resource_type,phi_rec_171,lab_result,,2025-01-01,2027-01-01
CORE,resource_type,phi_rec_172,lab_result,,2025-01-01,2027-01-01
CORE,resource_type,phi_rec_173,clinical_note,,2025-01-01,2027-01-01
CORE,resource_type,phi_rec_174,lab_result,,2025-01-01,2027-01-01
CORE,resource_type,phi_rec_175,billing_info,,2025-01-01,2027-01-01
CORE,resource_type,phi_rec_176,billing_info,,2025-01-01,2027-01-01
CORE,resource_type,phi_rec_177,billing_info,,2025-01-01,2027-01-01
CORE,resource_type,phi_rec_178,billing_info,,2025-01-01,2027-01-01
CORE,resource_type,phi_rec_179,clinical_note,,2025-01-01,2027-01-01
CORE,resource_type,phi_rec_180,clinical_note,,2025-01-01,2027-01-01
CORE,resource_type,phi_rec_181,clinical_note,,2025-01-01,2027-01-01
CORE,resource_type,phi_rec_182,billing_info,,2025-01-01,2027-01-01
CORE,resource_type,phi_rec_183,billing_info,,2025-01-01,2027-01-01
CORE,resource_type,phi_rec_184,billing_info,,2025-01-01,2027-01-01
CORE,resource_type,phi_rec_185,lab_result,,2025-01-01,2027-01-01
CORE,resource_type,phi_rec_186,billing_info,,2025-01-01,2027-01-01
CORE,resource_type,phi_rec_187,clinical_note,,2025-01-01,2027-01-01
CORE,resource_type,phi_rec_188,clinical_note,,2025-01-01,2027-01-01
CORE,resource_type,phi_rec_189,billing_info,,2025-01-01,2027-01-01
CORE,resource_type,phi_rec_190,clinical_note,,2025-01-01,2027-01-01
CORE,resource_type,phi_rec_191,billing_info,,2025-01-01,2027-01-01
CORE,resource_type,phi_rec_192,lab_result,,2025-01-01,2027-01-01
CORE,resource_type,phi_rec_193,clinical_note,,2025-01-01,2027-01-01
CORE,resource_type,phi_rec_194,billing_info,,2025-01-01,2027-01-01
CORE,resource_type,phi_rec_195,clinical_note,,2025-01-01,2027-01-01
CORE,resource_type,phi_rec_196,lab_result,,2025-01-01,2027-01-01
CORE,resource_type,phi_rec_197,clinical_note,,2025-01-01,2027-01-01
CORE,resource_type,phi_rec_198,lab_result,,2025-01-01,2027-01-01
CORE,resource_type,phi_rec_199,billing_info,,2025-01-01,2027-01-01
CORE,role_can_access_type,doctor,clinical_note,,2025-01-01,2027-01-01
CORE,role_can_access_type,doctor,lab_result,,2025-01-01,2027-01-01
CORE,role_can_access_type,billing_clerk,billing_info,,2025-01-01,2027-01-01
CONSENT,has_unrestricted_status,pat_0,research,,2025-01-01,2027-01-01
CONSENT,has_unrestricted_status,pat_1,research,,2025-01-01,2027-01-01
CONSENT,has_unrestricted_status,pat_2,research,,2025-01-01,2027-01-01
CONSENT,has_unrestricted_status,pat_3,research,,2025-01-01,2027-01-01
CONSENT,has_unrestricted_status,pat_4,research,,2025-01-01,2027-01-01
CONSENT,has_unrestricted_status,pat_5,research,,2025-01-01,2027-01-01
CONSENT,has_unrestricted_status,pat_6,research,,2025-01-01,2027-01-01
CONSENT,has_unrestricted_status,pat_7,research,,2025-01-01,2027-01-01
CONSENT,has_unrestricted_status,pat_8,research,,2025-01-01,2027-01-01
CONSENT,has_unrestricted_status,pat_9,research,,2025-01-01,2027-01-01
CONSENT,has_unrestricted_status,pat_10,research,,2025-01-01,2027-01-01
CONSENT,has_unrestricted_status,pat_11,research,,2025-01-01,2027-01-01
CONSENT,has_unrestricted_status,pat_12,research,,2025-01-01,2027-01-01
CONSENT,has_unrestricted_status,pat_13,research,,2025-01-01,2027-01-01
CONSENT,has_unrestricted_status,pat_14,research,,2025-01-01,2027-01-01
CONSENT,has_unrestricted_status,pat_15,research,,2025-01-01,2027-01-01
CONSENT,has_unrestricted_status,pat_16,research,,2025-01-01,2027-01-01
CONSENT,has_unrestricted_status,pat_17,research,,2025-01-01,2027-01-01
CONSENT,has_unrestricted_status,pat_18,research,,2025-01-01,2027-01-01
CONSENT,has_unrestricted_status,pat_19,research,,2025-01-01,2027-01-01
CONSENT,has_unrestricted_status,pat_20,research,,2025-01-01,2027-01-01
CONSENT,has_unrestricted_status,pat_21,research,,2025-01-01,2027-01-01
CONSENT,has_unrestricted_status,pat_22,research,,2025-01-01,2027-01-01
CONSENT,has_unrestricted_status,pat_23,research,,2025-01-01,2027-01-01
CONSENT,has_unrestricted_status,pat_24,research,,2025-01-01,2027-01-01
CONSENT,has_restriction,pat_25,research,,2025-01-01,2027-01-01
CONSENT,has_unrestricted_status,pat_26,research,,2025-01-01,2027-01-01
CONSENT,has_unrestricted_status,pat_27,research,,2025-01-01,2027-01-01
CONSENT,has_unrestricted_status,pat_28,research,,2025-01-01,2027-01-01
CONSENT,has_unrestricted_status,pat_29,research,,2025-01-01,2027-01-01
CONSENT,has_unrestricted_status,pat_30,research,,2025-01-01,2027-01-01
CONSENT,has_unrestricted_status,pat_31,research,,2025-01-01,2027-01-01
CONSENT,has_unrestricted_status,pat_32,research,,2025-01-01,2027-01-01
CONSENT,has_unrestricted_status,pat_33,research,,2025-01-01,2027-01-01
CONSENT,has_unrestricted_status,pat_34,research,,2025-01-01,2027-01-01
CONSENT,has_unrestricted_status,pat_35,research,,2025-01-01,2027-01-01
CONSENT,has_unrestricted_status,pat_36,research,,2025-01-01,2027-01-01
CONSENT,has_unrestricted_status,pat_37,research,,2025-01-01,2027-01-01
CONSENT,has_unrestricted_status,pat_38,research,,2025-01-01,2027-01-01
CONSENT,has_unrestricted_status,pat_39,research,,2025-01-01,2027-01-01
CONSENT,has_unrestricted_status,pat_40,research,,2025-01-01,2027-01-01
CONSENT,has_unrestricted_status,pat_41,research,,2025-01-01,2027-01-01
CONSENT,has_unrestricted_status,pat_42,research,,2025-01-01,2027-01-01
CONSENT,has_unrestricted_status,pat_43,research,,2025-01-01,2027-01-01
CONSENT,has_unrestricted_status,pat_44,research,,2025-01-01,2027-01-01
CONSENT,has_unrestricted_status,pat_45,research,,2025-01-01,2027-01-01
CONSENT,has_unrestricted_status,pat_46,research,,2025-01-01,2027-01-01
CONSENT,has_unrestricted_status,pat_47,research,,2025-01-01,2027-01-01
CONSENT,has_unrestricted_status,pat_48,research,,2025-01-01,2027-01-01
CONSENT,has_unrestricted_status,pat_49,research,,2025-01-01,2027-01-01
CONSENT,has_unrestricted_status,pat_50,research,,2025-01-01,2027-01-01
CONSENT,has_unrestricted_status,pat_51,research,,2025-01-01,2027-01-01
CONSENT,has_unrestricted_status,pat_52,research,,2025-01-01,2027-01-01
CONSENT,has_unrestricted_status,pat_53,research,,2025-01-01,2027-01-01
CONSENT,has_unrestricted_status,pat_54,research,,2025-01-01,2027-01-01
CONSENT,has_unrestricted_status,pat_55,research,,2025-01-01,2027-01-01
CONSENT,has_unrestricted_status,pat_56,research,,2025-01-01,2027-01-01
CONSENT,has_unrestricted_status,pat_57,research,,2025-01-01,2027-01-01
CONSENT,has_unrestricted_status,pat_58,research,,2025-01-01,2027-01-01
CONSENT,has_unrestricted_status,pat_59,research,,2025-01-01,2027-01-01
CONSENT,has_unrestricted_status,pat_60,research,,2025-01-01,2027-01-01
CONSENT,has_unrestricted_status,pat_61,research,,2025-01-01,2027-01-01
CONSENT,has_unrestricted_status,pat_62,research,,2025-01-01,2027-01-01
CONSENT,has_unrestricted_status,pat_63,research,,2025-01-01,2027-01-01
CONSENT,has_unrestricted_status,pat_64,research,,2025-01-01,2027-01-01
CONSENT,has_unrestricted_status,pat_65,research,,2025-01-01,2027-01-01
CONSENT,has_unrestricted_status,pat_66,research,,2025-01-01,2027-01-01
CONSENT,has_unrestricted_status,pat_67,research,,2025-01-01,2027-01-01
CONSENT,has_unrestricted_status,pat_68,research,,2025-01-01,2027-01-01
CONSENT,has_unrestricted_status,pat_69,research,,2025-01-01,2027-01-01
CONSENT,has_unrestricted_status,pat_70,research,,2025-01-01,2027-01-01
CONSENT,has_unrestricted_status,pat_71,research,,2025-01-01,2027-01-01
CONSENT,has_unrestricted_status,pat_72,research,,2025-01-01,2027-01-01
CONSENT,has_unrestricted_status,pat_73,research,,2025-01-01,2027-01-01
CONSENT,has_unrestricted_status,pat_74,research,,2025-01-01,2027-01-01
CONSENT,has_unrestricted_status,pat_75,research,,2025-01-01,2027-01-01
CONSENT,has_unrestricted_status,pat_76,research,,2025-01-01,2027-01-01
CONSENT,has_unrestricted_status,pat_77,research,,2025-01-01,2027-01-01
CONSENT,has_unrestricted_status,pat_78,research,,2025-01-01,2027-01-01
CONSENT,has_unrestricted_status,pat_79,research,,2025-01-01,2027-01-01
CONSENT,has_unrestricted_status,pat_80,research,,2025-01-01,2027-01-01
CONSENT,has_unrestricted_status,pat_81,research,,2025-01-01,2027-01-01
CONSENT,has_unrestricted_status,pat_82,research,,2025-01-01,2027-01-01
CONSENT,has_unrestricted_status,pat_83,research,,2025-01-01,2027-01-01
CONSENT,has_unrestricted_status,pat_84,research,,2025-01-01,2027-01-01
CONSENT,has_unrestricted_status,pat_85,research,,2025-01-01,2027-01-01
CONSENT,has_unrestricted_status,pat_86,research,,2025-01-01,2027-01-01
CONSENT,has_unrestricted_status,pat_87,research,,2025-01-01,2027-01-01
CONSENT,has_unrestricted_status,pat_88,research,,2025-01-01,2027-01-01
CONSENT,has_unrestricted_status,pat_89,research,,2025-01-01,2027-01-01
CONSENT,has_unrestricted_status,pat_90,research,,2025-01-01,2027-01-01
CONSENT,has_unrestricted_status,pat_91,research,,2025-01-01,2027-01-01
CONSENT,has_unrestricted_status,pat_92,research,,2025-01-01,2027-01-01
CONSENT,has_unrestricted_status,pat_93,research,,2025-01-01,2027-01-01
CONSENT,has_unrestricted_status,pat_94,research,,2025-01-01,2027-01-01
CONSENT,has_unrestricted_status,pat_95,research,,2025-01-01,2027-01-01
CONSENT,has_unrestricted_status,pat_96,research,,2025-01-01,2027-01-01
CONSENT,has_unrestricted_status,pat_97,research,,2025-01-01,2027-01-01
CONSENT,has_unrestricted_status,pat_98,research,,2025-01-01,2027-01-01
CONSENT,has_unrestricted_status,pat_99,research,,2025-01-01,2027-01-01
CONSENT,has_unrestricted_status,pat_100,research,,2025-01-01,2027-01-01
CONSENT,has_unrestricted_status,pat_101,research,,2025-01-01,2027-01-01
CONSENT,has_unrestricted_status,pat_102,research,,2025-01-01,2027-01-01
CONSENT,has_unrestricted_status,pat_103,research,,2025-01-01,2027-01-01
CONSENT,has_unrestricted_status,pat_104,research,,2025-01-01,2027-01-01
CONSENT,has_unrestricted_status,pat_105,research,,2025-01-01,2027-01-01
CONSENT,has_unrestricted_status,pat_106,research,,2025-01-01,2027-01-01
CONSENT,has_unrestricted_status,pat_107,research,,2025-01-01,2027-01-01
CONSENT,has_unrestricted_status,pat_108,research,,2025-01-01,2027-01-01
CONSENT,has_unrestricted_status,pat_109,research,,2025-01-01,2027-01-01
CONSENT,has_unrestricted_status,pat_110,research,,2025-01-01,2027-01-01
CONSENT,has_unrestricted_status,pat_111,research,,2025-01-01,2027-01-01
CONSENT,has_unrestricted_status,pat_112,research,,2025-01-01,2027-01-01
CONSENT,has_unrestricted_status,pat_113,research,,2025-01-01,2027-01-01
CONSENT,has_unrestricted_status,pat_114,research,,2025-01-01,2027-01-01
CONSENT,has_unrestricted_status,pat_115,research,,2025-01-01,2027-01-01
CONSENT,has_unrestricted_status,pat_116,research,,2025-01-01,2027-01-01
CONSENT,has_unrestricted_status,pat_117,research,,2025-01-01,2027-01-01
CONSENT,has_unrestricted_status,pat_118,research,,2025-01-01,2027-01-01
CONSENT,has_unrestricted_status,pat_119,research,,2025-01-01,2027-01-01
CONSENT,has_unrestricted_status,pat_120,research,,2025-01-01,2027-01-01
CONSENT,has_unrestricted_status,pat_121,research,,2025-01-01,2027-01-01
CONSENT,has_unrestricted_status,pat_122,research,,2025-01-01,2027-01-01
CONSENT,has_unrestricted_status,pat_123,research,,2025-01-01,2027-01-01
CONSENT,has_unrestricted_status,pat_124,research,,2025-01-01,2027-01-01
CONSENT,has_unrestricted_status,pat_125,research,,2025-01-01,2027-01-01
CONSENT,has_unrestricted_status,pat_126,research,,2025-01-01,2027-01-01
CONSENT,has_unrestricted_status,pat_127,research,,2025-01-01,2027-01-01
CONSENT,has_unrestricted_status,pat_128,research,,2025-01-01,2027-01-01
CONSENT,has_unrestricted_status,pat_129,research,,2025-01-01,2027-01-01
CONSENT,has_unrestricted_status,pat_130,research,,2025-01-01,2027-01-01
CONSENT,has_unrestricted_status,pat_131,research,,2025-01-01,2027-01-01
CONSENT,has_unrestricted_status,pat_132,research,,2025-01-01,2027-01-01
CONSENT,has_unrestricted_status,pat_133,research,,2025-01-01,2027-01-01
CONSENT,has_unrestricted_status,pat_134,research,,2025-01-01,2027-01-01
CONSENT,has_unrestricted_status,pat_135,research,,2025-01-01,2027-01-01
CONSENT,has_unrestricted_status,pat_136,research,,2025-01-01,2027-01-01
CONSENT,has_unrestricted_status,pat_137,research,,2025-01-01,2027-01-01
CONSENT,has_unrestricted_status,pat_138,research,,2025-01-01,2027-01-01
CONSENT,has_unrestricted_status,pat_139,research,,2025-01-01,2027-01-01
CONSENT,has_unrestricted_status,pat_140,research,,2025-01-01,2027-01-01
CONSENT,has_unrestricted_status,pat_141,research,,2025-01-01,2027-01-01
CONSENT,has_unrestricted_status,pat_142,research,,2025-01-01,2027-01-01
CONSENT,has_unrestricted_status,pat_143,research,,2025-01-01,2027-01-01
CONSENT,has_unrestricted_status,pat_144,research,,2025-01-01,2027-01-01
CONSENT,has_unrestricted_status,pat_145,research,,2025-01-01,2027-01-01
CONSENT,has_unrestricted_status,pat_146,research,,2025-01-01,2027-01-01
CONSENT,has_unrestricted_status,pat_147,research,,2025-01-01,2027-01-01
CONSENT,has_unrestricted_status,pat_148,research,,2025-01-01,2027-01-01
CONSENT,has_unrestricted_status,pat_149,research,,2025-01-01,2027-01-01
CONSENT,has_unrestricted_status,pat_150,research,,2025-01-01,2027-01-01
CONSENT,has_unrestricted_status,pat_151,research,,2025-01-01,2027-01-01
CONSENT,has_unrestricted_status,pat_152,research,,2025-01-01,2027-01-01
CONSENT,has_unrestricted_status,pat_153,research,,2025-01-01,2027-01-01
CONSENT,has_unrestricted_status,pat_154,research,,2025-01-01,2027-01-01
CONSENT,has_unrestricted_status,pat_155,research,,2025-01-01,2027-01-01
CONSENT,has_unrestricted_status,pat_156,research,,2025-01-01,2027-01-01
CONSENT,has_unrestricted_status,pat_157,research,,2025-01-01,2027-01-01
CONSENT,has_unrestricted_status,pat_158,research,,2025-01-01,2027-01-01
CONSENT,has_unrestricted_status,pat_159,research,,2025-01-01,2027-01-01
CONSENT,has_unrestricted_status,pat_160,research,,2025-01-01,2027-01-01
CONSENT,has_unrestricted_status,pat_161,research,,2025-01-01,2027-01-01
CONSENT,has_unrestricted_status,pat_162,research,,2025-01-01,2027-01-01
CONSENT,has_unrestricted_status,pat_163,research,,2025-01-01,2027-01-01
CONSENT,has_unrestricted_status,pat_164,research,,2025-01-01,2027-01-01
CONSENT,has_unrestricted_status,pat_165,research,,2025-01-01,2027-01-01
CONSENT,has_unrestricted_status,pat_166,research,,2025-01-01,2027-01-01
CONSENT,has_unrestricted_status,pat_167,research,,2025-01-01,2027-01-01
CONSENT,has_unrestricted_status,pat_168,research,,2025-01-01,2027-01-01
CONSENT,has_unrestricted_status,pat_169,research,,2025-01-01,2027-01-01
CONSENT,has_unrestricted_status,pat_170,research,,2025-01-01,2027-01-01
CONSENT,has_unrestricted_status,pat_171,research,,2025-01-01,2027-01-01
CONSENT,has_unrestricted_status,pat_172,research,,2025-01-01,2027-01-01
CONSENT,has_unrestricted_status,pat_173,research,,2025-01-01,2027-01-01
CONSENT,has_unrestricted_status,pat_174,research,,2025-01-01,2027-01-01
CONSENT,has_unrestricted_status,pat_175,research,,2025-01-01,2027-01-01
CONSENT,has_unrestricted_status,pat_176,research,,2025-01-01,2027-01-01
CONSENT,has_unrestricted_status,pat_177,research,,2025-01-01,2027-01-01
CONSENT,has_unrestricted_status,pat_178,research,,2025-01-01,2027-01-01
CONSENT,has_unrestricted_status,pat_179,research,,2025-01-01,2027-01-01
CONSENT,has_unrestricted_status,pat_180,research,,2025-01-01,2027-01-01
CONSENT,has_unrestricted_status,pat_181,research,,2025-01-01,2027-01-01
CONSENT,has_unrestricted_status,pat_182,research,,2025-01-01,2027-01-01
CONSENT,has_unrestricted_status,pat_183,research,,2025-01-01,2027-01-01
CONSENT,has_unrestricted_status,pat_184,research,,2025-01-01,2027-01-01
CONSENT,has_unrestricted_status,pat_185,research,,2025-01-01,2027-01-01
CONSENT,has_unrestricted_status,pat_186,research,,2025-01-01,2027-01-01
CONSENT,has_unrestricted_status,pat_187,research,,2025-01-01,2027-01-01
CONSENT,has_unrestricted_status,pat_188,research,,2025-01-01,2027-01-01
CONSENT,has_unrestricted_status,pat_189,research,,2025-01-01,2027-01-01
CONSENT,has_unrestricted_status,pat_190,research,,2025-01-01,2027-01-01
CONSENT,has_unrestricted_status,pat_191,research,,2025-01-01,2027-01-01
CONSENT,has_unrestricted_status,pat_192,research,,2025-01-01,2027-01-01
CONSENT,has_unrestricted_status,pat_193,research,,2025-01-01,2027-01-01
CONSENT,has_unrestricted_status,pat_194,research,,2025-01-01,2027-01-01
CONSENT,has_unrestricted_status,pat_195,research,,2025-01-01,2027-01-01
CONSENT,has_unrestricted_status,pat_196,research,,2025-01-01,2027-01-01
CONSENT,has_unrestricted_status,pat_197,research,,2025-01-01,2027-01-01
CONSENT,has_unrestricted_status,pat_198,research,,2025-01-01,2027-01-01
CONSENT,has_unrestricted_status,pat_199,research,,2025-01-01,2027-01-01
LIFECYCLE,deactivation_request,pat_15,2025-06-01,,2025-01-01,2027-01-01
